timestamp_utc7,start_date,qty,qty_people,qty_reserve
2025-12-07T21:05:05+0700,2026-01-11,230,230,0
2025-12-07T21:14:24+0700,2026-01-11,230,230,0
2025-12-07T21:31:29+0700,2026-01-11,230,230,0
2025-12-07T21:42:51+0700,2026-01-11,230,230,0
2025-12-07T21:49:15+0700,2026-01-11,230,230,0
2025-12-07T21:55:20+0700,2026-01-11,230,230,0
2025-12-07T22:09:31+0700,2026-01-11,230,230,0
2025-12-07T22:27:06+0700,2026-01-11,230,230,0
2025-12-07T22:36:01+0700,2026-01-11,230,230,0
2025-12-07T22:42:51+0700,2026-01-11,230,230,0
2025-12-07T22:49:37+0700,2026-01-11,230,230,0
2025-12-07T22:56:26+0700,2026-01-11,230,230,0
2025-12-07T23:14:42+0700,2026-01-11,230,230,0
2025-12-07T23:36:17+0700,2026-01-11,230,230,0
2025-12-07T23:47:53+0700,2026-01-11,230,230,0
2025-12-07T23:54:34+0700,2026-01-11,230,230,0
2025-12-08T00:07:26+0700,2026-01-11,230,230,0
2025-12-08T00:25:57+0700,2026-01-11,230,230,0
2025-12-08T00:36:11+0700,2026-01-11,230,230,0
2025-12-08T00:43:20+0700,2026-01-11,230,230,0
2025-12-08T00:50:01+0700,2026-01-11,230,230,0
2025-12-08T00:56:36+0700,2026-01-11,230,230,0
2025-12-08T01:18:43+0700,2026-01-11,230,230,0
2025-12-08T01:42:38+0700,2026-01-11,230,230,0
2025-12-08T01:52:16+0700,2026-01-11,230,230,0
2025-12-08T01:58:45+0700,2026-01-11,230,230,0
2025-12-08T02:14:29+0700,2026-01-11,230,230,0
2025-12-08T02:25:47+0700,2026-01-11,230,230,0
2025-12-08T02:33:30+0700,2026-01-11,230,230,0
2025-12-08T02:40:41+0700,2026-01-11,230,230,0
2025-12-08T02:47:29+0700,2026-01-11,230,230,0
2025-12-08T02:54:14+0700,2026-01-11,230,230,0
2025-12-08T03:08:57+0700,2026-01-11,230,230,0
2025-12-08T03:31:14+0700,2026-01-11,230,230,0
2025-12-08T03:41:56+0700,2026-01-11,230,230,0
2025-12-08T03:48:54+0700,2026-01-11,230,230,0
2025-12-08T03:55:34+0700,2026-01-11,230,230,0
2025-12-08T04:09:23+0700,2026-01-11,230,230,0
2025-12-08T04:25:14+0700,2026-01-11,230,230,0
2025-12-08T04:32:35+0700,2026-01-11,230,230,0
2025-12-08T04:40:26+0700,2026-01-11,230,230,0
2025-12-08T04:47:00+0700,2026-01-11,230,230,0
2025-12-08T04:53:42+0700,2026-01-11,230,230,0
2025-12-08T05:00:05+0700,2026-01-11,230,230,0
2025-12-08T05:20:04+0700,2026-01-11,230,230,0
2025-12-08T05:34:55+0700,2026-01-11,230,230,0
2025-12-08T05:44:24+0700,2026-01-11,230,230,0
2025-12-08T05:51:11+0700,2026-01-11,230,230,0
2025-12-08T05:57:38+0700,2026-01-11,230,230,0
2025-12-08T06:14:25+0700,2026-01-11,230,230,0
2025-12-08T06:29:04+0700,2026-01-11,230,230,0
2025-12-08T06:38:13+0700,2026-01-11,230,230,0
2025-12-08T06:44:54+0700,2026-01-11,230,230,0
2025-12-08T06:51:46+0700,2026-01-11,230,230,0
2025-12-08T06:58:05+0700,2026-01-11,230,230,0
2025-12-08T08:22:37+0700,2026-01-11,230,230,0
2025-12-08T09:58:51+0700,2026-01-11,230,230,0
2025-12-08T10:54:46+0700,2026-01-11,230,230,0
2025-12-08T11:23:35+0700,2026-01-11,230,230,0
2025-12-08T11:49:14+0700,2026-01-11,230,230,0
2025-12-08T12:00:27+0700,2026-01-11,230,230,0
2025-12-08T12:26:34+0700,2026-01-11,230,230,0
2025-12-08T12:43:56+0700,2026-01-11,230,230,0
2025-12-08T12:53:02+0700,2026-01-11,230,230,0
2025-12-08T12:59:35+0700,2026-01-11,230,230,0
2025-12-08T13:36:53+0700,2026-01-11,230,230,0
2025-12-08T13:59:19+0700,2026-01-11,230,230,0
2025-12-08T14:24:15+0700,2026-01-11,230,230,0
2025-12-08T14:40:29+0700,2026-01-11,230,230,0
2025-12-08T14:50:06+0700,2026-01-11,230,230,0
2025-12-08T14:56:08+0700,2026-01-11,230,230,0
2025-12-08T15:21:13+0700,2026-01-11,230,230,0
2025-12-08T15:48:44+0700,2026-01-11,230,230,0
2025-12-08T16:02:12+0700,2026-01-11,230,230,0
2025-12-08T16:36:33+0700,2026-01-11,230,230,0
2025-12-08T16:52:21+0700,2026-01-11,230,230,0
2025-12-08T16:59:10+0700,2026-01-11,230,230,0
2025-12-08T17:24:13+0700,2026-01-11,230,230,0
2025-12-08T17:45:13+0700,2026-01-11,230,230,0
2025-12-08T17:56:14+0700,2026-01-11,230,230,0
2025-12-08T18:12:52+0700,2026-01-11,230,230,0
2025-12-08T18:30:11+0700,2026-01-11,230,230,0
2025-12-08T18:41:49+0700,2026-01-11,230,230,0
2025-12-08T18:49:13+0700,2026-01-11,230,230,0
2025-12-08T18:55:55+0700,2026-01-11,230,230,0
2025-12-08T19:26:18+0700,2026-01-11,230,230,0
2025-12-08T20:09:07+0700,2026-01-11,230,230,0
2025-12-08T20:45:12+0700,2026-01-11,230,230,0
2025-12-08T20:56:36+0700,2026-01-11,230,230,0
2025-12-08T21:15:18+0700,2026-01-11,230,230,0
2025-12-08T21:40:58+0700,2026-01-11,230,230,0
2025-12-08T21:53:34+0700,2026-01-11,230,230,0
2025-12-08T21:59:49+0700,2026-01-11,230,230,0
2025-12-08T22:26:03+0700,2026-01-11,230,230,0
2025-12-08T22:41:39+0700,2026-01-11,230,230,0
2025-12-08T22:50:39+0700,2026-01-11,230,230,0
2025-12-08T22:57:03+0700,2026-01-11,230,230,0
2025-12-08T23:21:00+0700,2026-01-11,230,230,0
2025-12-08T23:47:21+0700,2026-01-11,230,230,0
2025-12-09T00:01:32+0700,2026-01-11,230,230,0
2025-12-09T00:26:05+0700,2026-01-11,230,230,0
2025-12-09T00:41:26+0700,2026-01-11,230,230,0
2025-12-09T00:50:46+0700,2026-01-11,230,230,0
2025-12-09T00:56:51+0700,2026-01-11,230,230,0
2025-12-09T01:22:51+0700,2026-01-11,230,230,0
2025-12-09T01:49:27+0700,2026-01-11,230,230,0
2025-12-09T01:58:21+0700,2026-01-11,230,230,0
2025-12-09T02:16:01+0700,2026-01-11,230,230,0
2025-12-09T02:29:35+0700,2026-01-11,230,230,0
2025-12-09T02:39:18+0700,2026-01-11,230,230,0
2025-12-09T02:45:49+0700,2026-01-11,230,230,0
2025-12-09T02:52:38+0700,2026-01-11,230,230,0
2025-12-09T02:59:06+0700,2026-01-11,230,230,0
2025-12-09T03:23:39+0700,2026-01-11,230,230,0
2025-12-09T03:41:21+0700,2026-01-11,230,230,0
2025-12-09T03:52:32+0700,2026-01-11,230,230,0
2025-12-09T03:58:47+0700,2026-01-11,230,230,0
2025-12-09T04:16:39+0700,2026-01-11,230,230,0
2025-12-09T04:29:29+0700,2026-01-11,230,230,0
2025-12-09T04:38:56+0700,2026-01-11,230,230,0
2025-12-09T04:45:44+0700,2026-01-11,230,230,0
2025-12-09T04:52:40+0700,2026-01-11,230,230,0
2025-12-09T04:58:51+0700,2026-01-11,230,230,0
2025-12-09T05:18:53+0700,2026-01-11,230,230,0
2025-12-09T05:37:37+0700,2026-01-11,230,230,0
2025-12-09T05:48:00+0700,2026-01-11,230,230,0
2025-12-09T05:54:51+0700,2026-01-11,230,230,0
2025-12-09T06:09:30+0700,2026-01-11,230,230,0
2025-12-09T06:28:56+0700,2026-01-11,230,230,0
2025-12-09T06:39:35+0700,2026-01-11,230,230,0
2025-12-09T06:46:24+0700,2026-01-11,230,230,0
2025-12-09T06:53:10+0700,2026-01-11,230,230,0
2025-12-09T06:59:24+0700,2026-01-11,230,230,0
2025-12-09T08:42:56+0700,2026-01-11,230,230,0
2025-12-09T10:08:58+0700,2026-01-11,230,230,0
2025-12-09T10:55:55+0700,2026-01-11,230,230,0
2025-12-09T11:21:56+0700,2026-01-11,230,230,0
2025-12-09T11:45:44+0700,2026-01-11,230,230,0
2025-12-09T11:56:23+0700,2026-01-11,230,230,0
2025-12-09T12:14:12+0700,2026-01-11,230,230,0
2025-12-09T12:35:12+0700,2026-01-11,230,230,0
2025-12-09T12:47:17+0700,2026-01-11,230,230,0
2025-12-09T12:53:38+0700,2026-01-11,230,230,0
2025-12-09T13:00:13+0700,2026-01-11,230,230,0
2025-12-09T13:36:55+0700,2026-01-11,230,230,0
2025-12-09T13:57:25+0700,2026-01-11,230,230,0
2025-12-09T14:18:34+0700,2026-01-11,230,230,0
2025-12-09T14:36:10+0700,2026-01-11,230,230,0
2025-12-09T14:45:54+0700,2026-01-11,230,230,0
2025-12-09T14:52:37+0700,2026-01-11,230,230,0
2025-12-09T14:59:07+0700,2026-01-11,230,230,0
2025-12-09T15:29:53+0700,2026-01-11,230,230,0
2025-12-09T15:53:12+0700,2026-01-11,230,230,0
2025-12-09T16:12:26+0700,2026-01-11,230,230,0
2025-12-09T16:35:52+0700,2026-01-11,230,230,0
2025-12-09T16:48:46+0700,2026-01-11,230,230,0
2025-12-09T16:56:19+0700,2026-01-11,230,230,0
2025-12-09T17:16:51+0700,2026-01-11,230,230,0
2025-12-09T17:43:30+0700,2026-01-11,230,230,0
2025-12-09T17:54:49+0700,2026-01-11,230,230,0
2025-12-09T18:10:07+0700,2026-01-11,230,230,0
2025-12-09T18:29:21+0700,2026-01-11,230,230,0
2025-12-09T18:40:21+0700,2026-01-11,230,230,0
2025-12-09T18:47:45+0700,2026-01-11,230,230,0
2025-12-09T18:54:15+0700,2026-01-11,230,230,0
2025-12-09T19:17:46+0700,2026-01-11,230,230,0
2025-12-09T20:06:37+0700,2026-01-11,230,230,0
2025-12-09T20:44:39+0700,2026-01-11,230,230,0
2025-12-09T20:56:55+0700,2026-01-11,230,230,0
2025-12-09T21:16:49+0700,2026-01-11,230,230,0
2025-12-09T21:42:27+0700,2026-01-11,230,230,0
2025-12-09T21:56:07+0700,2026-01-11,230,230,0
2025-12-09T22:15:58+0700,2026-01-11,230,230,0
2025-12-09T22:41:15+0700,2026-01-11,230,230,0
2025-12-09T22:50:51+0700,2026-01-11,230,230,0
2025-12-09T22:56:57+0700,2026-01-11,230,230,0
2025-12-09T23:20:57+0700,2026-01-11,230,230,0
2025-12-09T23:46:37+0700,2026-01-11,230,230,0
2025-12-10T00:00:25+0700,2026-01-11,230,230,0
2025-12-10T00:24:04+0700,2026-01-11,230,230,0
2025-12-10T00:40:40+0700,2026-01-11,230,230,0
2025-12-10T00:51:07+0700,2026-01-11,230,230,0
2025-12-10T00:57:18+0700,2026-01-11,230,230,0
2025-12-10T01:20:51+0700,2026-01-11,230,230,0
2025-12-10T01:46:40+0700,2026-01-11,230,230,0
2025-12-10T01:58:00+0700,2026-01-11,230,230,0
2025-12-10T02:13:22+0700,2026-01-11,230,230,0
2025-12-10T02:24:53+0700,2026-01-11,230,230,0
2025-12-10T02:31:01+0700,2026-01-11,230,230,0
2025-12-10T02:40:21+0700,2026-01-11,230,230,0
2025-12-10T02:47:18+0700,2026-01-11,230,230,0
2025-12-10T02:53:33+0700,2026-01-11,230,230,0
2025-12-10T02:59:53+0700,2026-01-11,230,230,0
2025-12-10T03:23:08+0700,2026-01-11,230,230,0
2025-12-10T03:36:50+0700,2026-01-11,230,230,0
2025-12-10T03:45:10+0700,2026-01-11,230,230,0
2025-12-10T03:51:59+0700,2026-01-11,230,230,0
2025-12-10T03:58:44+0700,2026-01-11,230,230,0
2025-12-10T04:17:14+0700,2026-01-11,230,230,0
2025-12-10T04:32:15+0700,2026-01-11,230,230,0
2025-12-10T04:42:42+0700,2026-01-11,230,230,0
2025-12-10T04:49:31+0700,2026-01-11,230,230,0
2025-12-10T04:56:07+0700,2026-01-11,230,230,0
2025-12-10T05:13:47+0700,2026-01-11,230,230,0
2025-12-10T05:32:30+0700,2026-01-11,230,230,0
2025-12-10T05:44:13+0700,2026-01-11,230,230,0
2025-12-10T05:51:12+0700,2026-01-11,230,230,0
2025-12-10T05:57:31+0700,2026-01-11,230,230,0
2025-12-10T06:16:08+0700,2026-01-11,230,230,0
2025-12-10T06:31:29+0700,2026-01-11,230,230,0
2025-12-10T06:40:16+0700,2026-01-11,230,230,0
2025-12-10T06:47:01+0700,2026-01-11,230,230,0
2025-12-10T06:53:49+0700,2026-01-11,230,230,0
2025-12-10T06:59:51+0700,2026-01-11,230,230,0
2025-12-10T08:49:37+0700,2026-01-11,230,230,0
2025-12-10T10:13:36+0700,2026-01-11,230,230,0
2025-12-10T11:02:16+0700,2026-01-11,230,230,0
2025-12-10T11:39:08+0700,2026-01-11,230,230,0
2025-12-10T11:56:56+0700,2026-01-11,230,230,0
2025-12-10T12:16:50+0700,2026-01-11,230,230,0
2025-12-10T12:38:40+0700,2026-01-11,230,230,0
2025-12-10T12:49:45+0700,2026-01-11,230,230,0
2025-12-10T12:55:58+0700,2026-01-11,230,230,0
2025-12-10T13:21:21+0700,2026-01-11,230,230,0
2025-12-10T13:51:37+0700,2026-01-11,230,230,0
2025-12-10T14:12:17+0700,2026-01-11,230,230,0
2025-12-10T14:34:02+0700,2026-01-11,230,230,0
2025-12-10T14:45:59+0700,2026-01-11,230,230,0
2025-12-10T14:53:42+0700,2026-01-11,230,230,0
2025-12-10T15:00:07+0700,2026-01-11,230,230,0
2025-12-10T15:33:13+0700,2026-01-11,230,230,0
2025-12-10T15:54:37+0700,2026-01-11,230,230,0
2025-12-10T16:14:14+0700,2026-01-11,230,230,0
2025-12-10T16:38:12+0700,2026-01-11,230,230,0
2025-12-10T16:51:34+0700,2026-01-11,230,230,0
2025-12-10T16:58:28+0700,2026-01-11,230,230,0
2025-12-10T17:25:45+0700,2026-01-11,230,230,0
2025-12-10T17:46:17+0700,2026-01-11,230,230,0
2025-12-10T17:57:26+0700,2026-01-11,230,230,0
2025-12-10T18:15:20+0700,2026-01-11,230,230,0
2025-12-10T18:31:21+0700,2026-01-11,230,230,0
2025-12-10T18:43:05+0700,2026-01-11,230,230,0
2025-12-10T18:50:31+0700,2026-01-11,230,230,0
2025-12-10T18:57:19+0700,2026-01-11,230,230,0
2025-12-10T19:35:11+0700,2026-01-11,230,230,0
2025-12-10T20:22:06+0700,2026-01-11,230,230,0
2025-12-10T20:51:43+0700,2026-01-11,230,230,0
2025-12-10T21:01:04+0700,2026-01-11,230,230,0
2025-12-10T21:28:49+0700,2026-01-11,230,230,0
2025-12-10T21:49:16+0700,2026-01-11,230,230,0
2025-12-10T22:00:22+0700,2026-01-11,230,230,0
2025-12-10T22:28:59+0700,2026-01-11,230,230,0
2025-12-10T22:45:49+0700,2026-01-11,230,230,0
2025-12-10T22:56:40+0700,2026-01-11,230,230,0
2025-12-10T23:21:03+0700,2026-01-11,230,230,0
2025-12-10T23:47:36+0700,2026-01-11,230,230,0
2025-12-11T00:01:29+0700,2026-01-11,230,230,0
2025-12-11T00:28:38+0700,2026-01-11,230,230,0
2025-12-11T00:46:29+0700,2026-01-11,230,230,0
2025-12-11T00:55:35+0700,2026-01-11,230,230,0
2025-12-11T01:19:20+0700,2026-01-11,230,230,0
2025-12-11T01:47:27+0700,2026-01-11,230,230,0
2025-12-11T02:00:00+0700,2026-01-11,230,230,0
2025-12-11T02:19:46+0700,2026-01-11,230,230,0
2025-12-11T02:32:11+0700,2026-01-11,230,230,0
2025-12-11T02:42:50+0700,2026-01-11,230,230,0
2025-12-11T02:49:41+0700,2026-01-11,230,230,0
2025-12-11T02:56:07+0700,2026-01-11,230,230,0
2025-12-11T03:15:45+0700,2026-01-11,230,230,0
2025-12-11T03:41:07+0700,2026-01-11,230,230,0
2025-12-11T03:54:25+0700,2026-01-11,230,230,0
2025-12-11T04:10:30+0700,2026-01-11,230,230,0
2025-12-11T04:34:12+0700,2026-01-11,230,230,0
2025-12-11T04:46:29+0700,2026-01-11,230,230,0
2025-12-11T04:53:09+0700,2026-01-11,230,230,0
2025-12-11T04:59:14+0700,2026-01-11,230,230,0
2025-12-11T05:24:36+0700,2026-01-11,230,230,0
2025-12-11T05:41:06+0700,2026-01-11,230,230,0
2025-12-11T05:51:07+0700,2026-01-11,230,230,0
2025-12-11T05:57:44+0700,2026-01-11,230,230,0
2025-12-11T06:14:35+0700,2026-01-11,230,230,0
2025-12-11T06:30:16+0700,2026-01-11,230,230,0
2025-12-11T06:40:21+0700,2026-01-11,230,230,0
2025-12-11T06:46:50+0700,2026-01-11,230,230,0
2025-12-11T06:53:36+0700,2026-01-11,230,230,0
2025-12-11T06:59:53+0700,2026-01-11,230,230,0
2025-12-11T08:51:14+0700,2026-01-11,230,230,0
2025-12-11T10:16:00+0700,2026-01-11,230,230,0
2025-12-11T11:04:57+0700,2026-01-11,230,230,0
2025-12-11T11:42:18+0700,2026-01-11,230,230,0
2025-12-11T11:59:34+0700,2026-01-11,230,230,0
2025-12-11T12:24:05+0700,2026-01-11,230,230,0
2025-12-11T12:43:03+0700,2026-01-11,230,230,0
2025-12-11T12:53:12+0700,2026-01-11,230,230,0
2025-12-11T12:59:56+0700,2026-01-11,230,230,0
2025-12-11T13:37:21+0700,2026-01-11,230,230,0
2025-12-11T13:59:21+0700,2026-01-11,230,230,0
2025-12-11T14:24:27+0700,2026-01-11,230,230,0
2025-12-11T14:40:35+0700,2026-01-11,230,230,0
2025-12-11T14:49:24+0700,2026-01-11,230,230,0
2025-12-11T14:56:13+0700,2026-01-11,230,230,0
2025-12-11T15:20:33+0700,2026-01-11,230,230,0
2025-12-11T15:47:31+0700,2026-01-11,230,230,0
2025-12-11T16:01:23+0700,2026-01-11,230,230,0
2025-12-11T16:31:59+0700,2026-01-11,230,230,0
2025-12-11T16:49:06+0700,2026-01-11,230,230,0
2025-12-11T16:56:59+0700,2026-01-11,230,230,0
2025-12-11T17:18:50+0700,2026-01-11,230,230,0
2025-12-11T17:44:44+0700,2026-01-11,230,230,0
2025-12-11T17:56:19+0700,2026-01-11,230,230,0
2025-12-11T18:13:27+0700,2026-01-11,230,230,0
2025-12-11T18:30:52+0700,2026-01-11,230,230,0
2025-12-11T18:42:42+0700,2026-01-11,230,230,0
2025-12-11T18:50:25+0700,2026-01-11,230,230,0
2025-12-11T18:57:18+0700,2026-01-11,230,230,0
2025-12-11T19:36:12+0700,2026-01-11,230,230,0
2025-12-11T20:23:44+0700,2026-01-11,230,230,0
2025-12-11T20:53:17+0700,2026-01-11,230,230,0
2025-12-11T21:11:56+0700,2026-01-11,230,230,0
2025-12-11T21:35:48+0700,2026-01-11,230,230,0
2025-12-11T21:50:06+0700,2026-01-11,230,230,0
2025-12-11T21:58:10+0700,2026-01-11,230,230,0
2025-12-11T22:21:40+0700,2026-01-11,230,230,0
2025-12-11T22:44:08+0700,2026-01-11,230,230,0
2025-12-11T22:56:55+0700,2026-01-11,230,230,0
2025-12-11T23:22:59+0700,2026-01-11,230,230,0
2025-12-11T23:52:09+0700,2026-01-11,230,230,0
2025-12-12T00:15:43+0700,2026-01-11,230,230,0
2025-12-12T00:51:06+0700,2026-01-11,230,230,0
2025-12-12T00:59:00+0700,2026-01-11,230,230,0
2025-12-12T01:30:15+0700,2026-01-11,230,230,0
2025-12-12T01:55:11+0700,2026-01-11,230,230,0
2025-12-12T02:12:25+0700,2026-01-11,230,230,0
2025-12-12T02:30:50+0700,2026-01-11,230,230,0
2025-12-12T02:42:41+0700,2026-01-11,230,230,0
2025-12-12T02:49:57+0700,2026-01-11,230,230,0
2025-12-12T02:56:38+0700,2026-01-11,230,230,0
2025-12-12T03:17:46+0700,2026-01-11,230,230,0
2025-12-12T03:36:51+0700,2026-01-11,230,230,0
2025-12-12T03:47:00+0700,2026-01-11,230,230,0
2025-12-12T03:53:52+0700,2026-01-11,230,230,0
2025-12-12T04:00:49+0700,2026-01-11,230,230,0
2025-12-12T04:27:08+0700,2026-01-11,230,230,0
2025-12-12T04:40:25+0700,2026-01-11,230,230,0
2025-12-12T04:48:16+0700,2026-01-11,230,230,0
2025-12-12T04:55:17+0700,2026-01-11,230,230,0
2025-12-12T05:11:13+0700,2026-01-11,230,230,0
2025-12-12T05:34:19+0700,2026-01-11,230,230,0
2025-12-12T05:46:40+0700,2026-01-11,230,230,0
2025-12-12T05:54:04+0700,2026-01-11,230,230,0
2025-12-12T06:00:28+0700,2026-01-11,230,230,0
2025-12-12T06:22:58+0700,2026-01-11,230,230,0
2025-12-12T06:36:23+0700,2026-01-11,230,230,0
2025-12-12T06:46:06+0700,2026-01-11,230,230,0
2025-12-12T06:52:58+0700,2026-01-11,230,230,0
2025-12-12T06:59:20+0700,2026-01-11,230,230,0
2025-12-12T08:44:20+0700,2026-01-11,230,230,0
2025-12-12T10:13:12+0700,2026-01-11,230,230,0
2025-12-12T11:03:14+0700,2026-01-11,230,230,0
2025-12-12T11:39:37+0700,2026-01-11,230,230,0
2025-12-12T11:57:38+0700,2026-01-11,230,230,0
2025-12-12T12:18:05+0700,2026-01-11,230,230,0
2025-12-12T12:40:51+0700,2026-01-11,230,230,0
2025-12-12T12:51:56+0700,2026-01-11,230,230,0
2025-12-12T12:58:07+0700,2026-01-11,230,230,0
2025-12-12T13:29:44+0700,2026-01-11,230,230,0
2025-12-12T13:55:41+0700,2026-01-11,230,230,0
2025-12-12T14:16:23+0700,2026-01-11,230,230,0
2025-12-12T14:36:02+0700,2026-01-11,230,230,0
2025-12-12T14:46:21+0700,2026-01-11,230,230,0
2025-12-12T14:53:36+0700,2026-01-11,230,230,0
2025-12-12T15:00:24+0700,2026-01-11,230,230,0
2025-12-12T15:34:36+0700,2026-01-11,230,230,0
2025-12-12T15:56:23+0700,2026-01-11,230,230,0
2025-12-12T16:18:27+0700,2026-01-11,230,230,0
2025-12-12T16:41:38+0700,2026-01-11,230,230,0
2025-12-12T16:54:00+0700,2026-01-11,230,230,0
2025-12-12T17:00:15+0700,2026-01-11,230,230,0
2025-12-12T17:27:02+0700,2026-01-11,230,230,0
2025-12-12T17:46:11+0700,2026-01-11,230,230,0
2025-12-12T17:56:03+0700,2026-01-11,230,230,0
2025-12-12T18:13:20+0700,2026-01-11,230,230,0
2025-12-12T18:31:23+0700,2026-01-11,230,230,0
2025-12-12T18:43:16+0700,2026-01-11,230,230,0
2025-12-12T18:50:36+0700,2026-01-11,230,230,0
2025-12-12T18:57:20+0700,2026-01-11,230,230,0
2025-12-12T19:35:03+0700,2026-01-11,230,230,0
2025-12-12T20:19:25+0700,2026-01-11,230,230,0
2025-12-12T20:48:00+0700,2026-01-11,230,230,0
2025-12-12T20:58:39+0700,2026-01-11,230,230,0
2025-12-12T21:19:03+0700,2026-01-11,230,230,0
2025-12-12T21:35:01+0700,2026-01-11,230,230,0
2025-12-12T21:45:25+0700,2026-01-11,230,230,0
2025-12-12T21:52:42+0700,2026-01-11,230,230,0
2025-12-12T21:59:45+0700,2026-01-11,230,230,0
2025-12-12T22:24:34+0700,2026-01-11,230,230,0
2025-12-12T22:41:17+0700,2026-01-11,230,230,0
2025-12-12T22:52:33+0700,2026-01-11,230,230,0
2025-12-12T22:59:24+0700,2026-01-11,230,230,0
2025-12-12T23:27:22+0700,2026-01-11,230,230,0
2025-12-12T23:46:43+0700,2026-01-11,230,230,0
2025-12-12T23:56:04+0700,2026-01-11,230,230,0
2025-12-13T00:12:59+0700,2026-01-11,230,230,0
2025-12-13T00:34:07+0700,2026-01-11,230,230,0
2025-12-13T00:46:53+0700,2026-01-11,230,230,0
2025-12-13T00:53:41+0700,2026-01-11,230,230,0
2025-12-13T00:59:44+0700,2026-01-11,230,230,0
2025-12-13T01:34:11+0700,2026-01-11,230,230,0
2025-12-13T01:55:24+0700,2026-01-11,230,230,0
2025-12-13T02:10:43+0700,2026-01-11,230,230,0
2025-12-13T02:27:14+0700,2026-01-11,230,230,0
2025-12-13T02:37:34+0700,2026-01-11,230,230,0
2025-12-13T02:44:54+0700,2026-01-11,230,230,0
2025-12-13T02:51:46+0700,2026-01-11,230,230,0
2025-12-13T02:58:34+0700,2026-01-11,230,230,0
2025-12-13T03:21:28+0700,2026-01-11,230,230,0
2025-12-13T03:39:50+0700,2026-01-11,230,230,0
2025-12-13T03:51:14+0700,2026-01-11,230,230,0
2025-12-13T03:57:45+0700,2026-01-11,230,230,0
2025-12-13T04:15:21+0700,2026-01-11,230,230,0
2025-12-13T04:30:48+0700,2026-01-11,230,230,0
2025-12-13T04:40:24+0700,2026-01-11,230,230,0
2025-12-13T04:47:12+0700,2026-01-11,230,230,0
2025-12-13T04:54:04+0700,2026-01-11,230,230,0
2025-12-13T05:00:29+0700,2026-01-11,230,230,0
2025-12-13T05:23:19+0700,2026-01-11,230,230,0
2025-12-13T05:39:38+0700,2026-01-11,230,230,0
2025-12-13T05:49:03+0700,2026-01-11,230,230,0
2025-12-13T05:55:25+0700,2026-01-11,230,230,0
2025-12-13T06:11:56+0700,2026-01-11,230,230,0
2025-12-13T06:29:47+0700,2026-01-11,230,230,0
2025-12-13T06:40:33+0700,2026-01-11,230,230,0
2025-12-13T06:47:34+0700,2026-01-11,230,230,0
2025-12-13T06:54:06+0700,2026-01-11,230,230,0
2025-12-13T07:40:31+0700,2026-01-11,230,230,0
2025-12-13T09:22:45+0700,2026-01-11,230,230,0
2025-12-13T10:34:09+0700,2026-01-11,230,230,0
2025-12-13T11:00:53+0700,2026-01-11,230,230,0
2025-12-13T11:30:07+0700,2026-01-11,230,230,0
2025-12-13T11:47:27+0700,2026-01-11,230,230,0
2025-12-13T11:55:37+0700,2026-01-11,230,230,0
2025-12-13T12:12:26+0700,2026-01-11,230,230,0
2025-12-13T12:34:29+0700,2026-01-11,230,230,0
2025-12-13T12:46:41+0700,2026-01-11,230,230,0
2025-12-13T12:53:28+0700,2026-01-11,230,230,0
2025-12-13T13:00:11+0700,2026-01-11,230,230,0
2025-12-13T13:34:01+0700,2026-01-11,230,230,0
2025-12-13T13:53:23+0700,2026-01-11,230,230,0
2025-12-13T13:59:56+0700,2026-01-11,230,230,0
2025-12-13T14:23:34+0700,2026-01-11,230,230,0
2025-12-13T14:36:22+0700,2026-01-11,230,230,0
2025-12-13T14:44:16+0700,2026-01-11,230,230,0
2025-12-13T14:50:56+0700,2026-01-11,230,230,0
2025-12-13T14:57:39+0700,2026-01-11,230,230,0
2025-12-13T15:20:39+0700,2026-01-11,230,230,0
2025-12-13T15:41:51+0700,2026-01-11,230,230,0
2025-12-13T15:53:28+0700,2026-01-11,230,230,0
2025-12-13T15:59:51+0700,2026-01-11,230,230,0
2025-12-13T16:21:37+0700,2026-01-11,230,230,0
2025-12-13T16:34:33+0700,2026-01-11,230,230,0
2025-12-13T16:43:51+0700,2026-01-11,230,230,0
2025-12-13T16:50:04+0700,2026-01-11,230,230,0
2025-12-13T16:56:28+0700,2026-01-11,230,230,0
2025-12-13T17:13:42+0700,2026-01-11,230,230,0
2025-12-13T17:34:17+0700,2026-01-11,230,230,0
2025-12-13T17:45:14+0700,2026-01-11,230,230,0
2025-12-13T17:51:40+0700,2026-01-11,230,230,0
2025-12-13T17:58:13+0700,2026-01-11,230,230,0
2025-12-13T18:14:13+0700,2026-01-11,230,230,0
2025-12-13T18:27:01+0700,2026-01-11,230,230,0
2025-12-13T18:35:24+0700,2026-01-11,230,230,0
2025-12-13T18:42:20+0700,2026-01-11,230,230,0
2025-12-13T18:49:10+0700,2026-01-11,230,230,0
2025-12-13T18:55:55+0700,2026-01-11,230,230,0
2025-12-13T19:22:42+0700,2026-01-11,230,230,0
2025-12-13T20:00:43+0700,2026-01-11,230,230,0
2025-12-13T20:30:12+0700,2026-01-11,230,230,0
2025-12-13T20:43:36+0700,2026-01-11,230,230,0
2025-12-13T20:50:17+0700,2026-01-11,230,230,0
2025-12-13T20:56:18+0700,2026-01-11,230,230,0
2025-12-13T21:12:16+0700,2026-01-11,230,230,0
2025-12-13T21:31:47+0700,2026-01-11,230,230,0
2025-12-13T21:43:10+0700,2026-01-11,230,230,0
2025-12-13T21:49:54+0700,2026-01-11,230,230,0
2025-12-13T21:56:41+0700,2026-01-11,230,230,0
2025-12-13T22:13:33+0700,2026-01-11,230,230,0
2025-12-13T22:30:18+0700,2026-01-11,230,230,0
2025-12-13T22:41:03+0700,2026-01-11,230,230,0
2025-12-13T22:47:54+0700,2026-01-11,230,230,0
2025-12-13T22:54:58+0700,2026-01-11,230,230,0
2025-12-13T23:11:56+0700,2026-01-11,230,230,0
2025-12-13T23:36:59+0700,2026-01-11,230,230,0
2025-12-13T23:50:28+0700,2026-01-11,230,230,0
2025-12-13T23:56:55+0700,2026-01-11,230,230,0
2025-12-14T00:12:44+0700,2026-01-11,230,230,0
2025-12-14T00:29:54+0700,2026-01-11,230,230,0
2025-12-14T00:39:39+0700,2026-01-11,230,230,0
2025-12-14T00:46:10+0700,2026-01-11,230,230,0
2025-12-14T00:52:19+0700,2026-01-11,230,230,0
2025-12-14T00:58:29+0700,2026-01-11,230,230,0
2025-12-14T01:24:32+0700,2026-01-11,230,230,0
2025-12-14T01:44:09+0700,2026-01-11,230,230,0
2025-12-14T01:53:24+0700,2026-01-11,230,230,0
2025-12-14T01:59:57+0700,2026-01-11,230,230,0
2025-12-14T02:16:49+0700,2026-01-11,230,230,0
2025-12-14T02:27:01+0700,2026-01-11,230,230,0
2025-12-14T02:35:23+0700,2026-01-11,230,230,0
2025-12-14T02:42:15+0700,2026-01-11,230,230,0
2025-12-14T02:48:34+0700,2026-01-11,230,230,0
2025-12-14T02:54:42+0700,2026-01-11,230,230,0
2025-12-14T03:10:40+0700,2026-01-11,230,230,0
2025-12-14T03:31:52+0700,2026-01-11,230,230,0
2025-12-14T03:43:08+0700,2026-01-11,230,230,0
2025-12-14T03:50:14+0700,2026-01-11,230,230,0
2025-12-14T03:57:03+0700,2026-01-11,230,230,0
2025-12-14T04:13:08+0700,2026-01-11,230,230,0
2025-12-14T04:28:18+0700,2026-01-11,230,230,0
2025-12-14T04:37:39+0700,2026-01-11,230,230,0
2025-12-14T04:44:26+0700,2026-01-11,230,230,0
2025-12-14T04:51:09+0700,2026-01-11,230,230,0
2025-12-14T04:57:13+0700,2026-01-11,230,230,0
2025-12-14T05:14:18+0700,2026-01-11,230,230,0
2025-12-14T05:33:20+0700,2026-01-11,230,230,0
2025-12-14T05:44:22+0700,2026-01-11,230,230,0
2025-12-14T05:51:03+0700,2026-01-11,230,230,0
2025-12-14T05:57:23+0700,2026-01-11,230,230,0
2025-12-14T06:14:47+0700,2026-01-11,230,230,0
2025-12-14T06:29:38+0700,2026-01-11,230,230,0
2025-12-14T06:39:21+0700,2026-01-11,230,230,0
2025-12-14T06:46:18+0700,2026-01-11,230,230,0
2025-12-14T06:53:21+0700,2026-01-11,230,230,0
2025-12-14T06:59:10+0700,2026-01-11,230,230,0
2025-12-14T08:49:31+0700,2026-01-11,230,230,0
2025-12-14T10:19:24+0700,2026-01-11,230,230,0
2025-12-14T11:08:35+0700,2026-01-11,230,230,0
2025-12-14T11:45:24+0700,2026-01-11,230,230,0
2025-12-14T11:58:32+0700,2026-01-11,230,230,0
2025-12-14T12:18:23+0700,2026-01-11,230,230,0
2025-12-14T12:37:04+0700,2026-01-11,230,230,0
2025-12-14T12:47:40+0700,2026-01-11,230,230,0
2025-12-14T12:53:53+0700,2026-01-11,230,230,0
2025-12-14T13:00:24+0700,2026-01-11,230,230,0
2025-12-14T13:34:50+0700,2026-01-11,230,230,0
2025-12-14T13:53:40+0700,2026-01-11,230,230,0
2025-12-14T14:00:02+0700,2026-01-11,230,230,0
2025-12-14T14:21:13+0700,2026-01-11,230,230,0
2025-12-14T14:33:04+0700,2026-01-11,230,230,0
2025-12-14T14:42:12+0700,2026-01-11,230,230,0
2025-12-14T14:48:49+0700,2026-01-11,230,230,0
2025-12-14T14:55:34+0700,2026-01-11,230,230,0
2025-12-14T15:15:38+0700,2026-01-11,230,230,0
2025-12-14T15:40:38+0700,2026-01-11,230,230,0
2025-12-14T15:52:42+0700,2026-01-11,230,230,0
2025-12-14T15:59:02+0700,2026-01-11,230,230,0
2025-12-14T16:19:55+0700,2026-01-11,230,230,0
2025-12-14T16:34:08+0700,2026-01-11,230,230,0
2025-12-14T16:44:09+0700,2026-01-11,230,230,0
2025-12-14T16:50:55+0700,2026-01-11,230,230,0
2025-12-14T16:57:36+0700,2026-01-11,230,230,0
2025-12-14T17:16:16+0700,2026-01-11,230,230,0
2025-12-14T17:36:20+0700,2026-01-11,230,230,0
2025-12-14T17:46:43+0700,2026-01-11,230,230,0
2025-12-14T17:53:01+0700,2026-01-11,230,230,0
2025-12-14T17:59:30+0700,2026-01-11,230,230,0
2025-12-14T18:17:21+0700,2026-01-11,230,230,0
2025-12-14T18:29:02+0700,2026-01-11,230,230,0
2025-12-14T18:37:31+0700,2026-01-11,230,230,0
2025-12-14T18:44:14+0700,2026-01-11,230,230,0
2025-12-14T18:50:31+0700,2026-01-11,230,230,0
2025-12-14T18:57:16+0700,2026-01-11,230,230,0
2025-12-14T19:30:06+0700,2026-01-11,230,230,0
2025-12-14T20:04:55+0700,2026-01-11,230,230,0
2025-12-14T20:33:55+0700,2026-01-11,230,230,0
2025-12-14T20:45:28+0700,2026-01-11,230,230,0
2025-12-14T20:51:59+0700,2026-01-11,230,230,0
2025-12-14T20:58:06+0700,2026-01-11,230,230,0
2025-12-14T21:15:51+0700,2026-01-11,230,230,0
2025-12-14T21:33:23+0700,2026-01-11,230,230,0
2025-12-14T21:44:10+0700,2026-01-11,230,230,0
2025-12-14T21:50:28+0700,2026-01-11,230,230,0
2025-12-14T21:57:18+0700,2026-01-11,230,230,0
2025-12-14T22:14:48+0700,2026-01-11,230,230,0
2025-12-14T22:31:13+0700,2026-01-11,230,230,0
2025-12-14T22:41:36+0700,2026-01-11,230,230,0
2025-12-14T22:48:04+0700,2026-01-11,230,230,0
2025-12-14T22:54:57+0700,2026-01-11,230,230,0
2025-12-14T23:11:46+0700,2026-01-11,230,230,0
2025-12-14T23:36:27+0700,2026-01-11,230,230,0
2025-12-14T23:49:38+0700,2026-01-11,230,230,0
2025-12-14T23:56:47+0700,2026-01-11,230,230,0
2025-12-15T00:12:20+0700,2026-01-11,230,230,0
2025-12-15T00:30:03+0700,2026-01-11,230,230,0
2025-12-15T00:40:55+0700,2026-01-11,230,230,0
2025-12-15T00:47:43+0700,2026-01-11,230,230,0
2025-12-15T00:54:19+0700,2026-01-11,230,230,0
2025-12-15T01:12:41+0700,2026-01-11,230,230,0
2025-12-15T01:42:11+0700,2026-01-11,230,230,0
2025-12-15T01:53:59+0700,2026-01-11,230,230,0
2025-12-15T02:00:23+0700,2026-01-11,230,230,0
2025-12-15T02:18:27+0700,2026-01-11,230,230,0
2025-12-15T02:28:09+0700,2026-01-11,230,230,0
2025-12-15T02:36:23+0700,2026-01-11,230,230,0
2025-12-15T02:43:10+0700,2026-01-11,230,230,0
2025-12-15T02:49:19+0700,2026-01-11,230,230,0
2025-12-15T02:55:38+0700,2026-01-11,230,230,0
2025-12-15T03:12:53+0700,2026-01-11,230,230,0
2025-12-15T03:33:01+0700,2026-01-11,230,230,0
2025-12-15T03:44:00+0700,2026-01-11,230,230,0
2025-12-15T03:51:03+0700,2026-01-11,230,230,0
2025-12-15T03:57:32+0700,2026-01-11,230,230,0
2025-12-15T04:14:42+0700,2026-01-11,230,230,0
2025-12-15T04:29:52+0700,2026-01-11,230,230,0
2025-12-15T04:38:55+0700,2026-01-11,230,230,0
2025-12-15T04:45:28+0700,2026-01-11,230,230,0
2025-12-15T04:52:08+0700,2026-01-11,230,230,0
2025-12-15T04:58:08+0700,2026-01-11,230,230,0
2025-12-15T05:16:07+0700,2026-01-11,230,230,0
2025-12-15T05:33:35+0700,2026-01-11,230,230,0
2025-12-15T05:44:01+0700,2026-01-11,230,230,0
2025-12-15T05:50:26+0700,2026-01-11,230,230,0
2025-12-15T05:57:01+0700,2026-01-11,230,230,0
2025-12-15T06:13:48+0700,2026-01-11,230,230,0
2025-12-15T06:29:30+0700,2026-01-11,230,230,0
2025-12-15T06:39:27+0700,2026-01-11,230,230,0
2025-12-15T06:46:16+0700,2026-01-11,230,230,0
2025-12-15T06:53:02+0700,2026-01-11,230,230,0
2025-12-15T06:59:20+0700,2026-01-11,230,230,0
2025-12-15T08:48:17+0700,2026-01-11,230,230,0
2025-12-15T10:20:28+0700,2026-01-11,230,230,0
2025-12-15T11:13:00+0700,2026-01-11,230,230,0
2025-12-15T11:52:14+0700,2026-01-11,230,230,0
2025-12-15T12:15:03+0700,2026-01-11,230,230,0
2025-12-15T12:42:37+0700,2026-01-11,230,230,0
2025-12-15T12:53:49+0700,2026-01-11,230,230,0
2025-12-15T13:00:06+0700,2026-01-11,230,230,0
2025-12-15T13:39:24+0700,2026-01-11,230,230,0
2025-12-15T14:00:21+0700,2026-01-11,230,230,0
2025-12-15T14:27:34+0700,2026-01-11,230,230,0
2025-12-15T14:43:38+0700,2026-01-11,230,230,0
2025-12-15T14:52:19+0700,2026-01-11,230,230,0
2025-12-15T14:58:39+0700,2026-01-11,230,230,0
2025-12-15T15:30:53+0700,2026-01-11,230,230,0
2025-12-15T15:56:31+0700,2026-01-11,230,230,0
2025-12-15T16:25:25+0700,2026-01-11,230,230,0
2025-12-15T16:51:31+0700,2026-01-11,230,230,0
2025-12-15T17:01:03+0700,2026-01-11,230,230,0
2025-12-15T17:33:05+0700,2026-01-11,230,230,0
2025-12-15T17:53:19+0700,2026-01-11,230,230,0
2025-12-15T18:00:46+0700,2026-01-11,230,230,0
2025-12-15T18:24:07+0700,2026-01-11,230,230,0
2025-12-15T18:38:12+0700,2026-01-11,230,230,0
2025-12-15T18:47:11+0700,2026-01-11,230,230,0
2025-12-15T18:53:17+0700,2026-01-11,230,230,0
2025-12-15T18:59:34+0700,2026-01-11,230,230,0
2025-12-15T19:50:34+0700,2026-01-11,230,230,0
2025-12-15T20:31:27+0700,2026-01-11,230,230,0
2025-12-15T20:57:34+0700,2026-01-11,230,230,0
2025-12-15T21:21:10+0700,2026-01-11,230,230,0
2025-12-15T21:48:12+0700,2026-01-11,230,230,0
2025-12-15T22:01:18+0700,2026-01-11,230,230,0
2025-12-15T22:33:51+0700,2026-01-11,230,230,0
2025-12-15T22:52:03+0700,2026-01-11,230,230,0
2025-12-15T23:00:56+0700,2026-01-11,230,230,0
2025-12-15T23:37:29+0700,2026-01-11,230,230,0
2025-12-16T00:00:21+0700,2026-01-11,230,230,0
2025-12-16T00:27:25+0700,2026-01-11,230,230,0
2025-12-16T00:47:03+0700,2026-01-11,230,230,0
2025-12-16T00:56:45+0700,2026-01-11,230,230,0
2025-12-16T01:23:03+0700,2026-01-11,230,230,0
2025-12-16T01:51:02+0700,2026-01-11,230,230,0
2025-12-16T02:03:01+0700,2026-01-11,230,230,0
2025-12-16T02:27:08+0700,2026-01-11,230,230,0
2025-12-16T02:38:32+0700,2026-01-11,230,230,0
2025-12-16T02:45:56+0700,2026-01-11,230,230,0
2025-12-16T02:52:43+0700,2026-01-11,230,230,0
2025-12-16T02:59:05+0700,2026-01-11,230,230,0
2025-12-16T03:24:35+0700,2026-01-11,230,230,0
2025-12-16T03:43:08+0700,2026-01-11,230,230,0
2025-12-16T03:54:43+0700,2026-01-11,230,230,0
2025-12-16T04:10:03+0700,2026-01-11,230,230,0
2025-12-16T04:31:31+0700,2026-01-11,230,230,0
2025-12-16T04:44:04+0700,2026-01-11,230,230,0
2025-12-16T04:51:29+0700,2026-01-11,230,230,0
2025-12-16T04:58:17+0700,2026-01-11,230,230,0
2025-12-16T05:18:37+0700,2026-01-11,230,230,0
2025-12-16T05:38:56+0700,2026-01-11,230,230,0
2025-12-16T05:50:05+0700,2026-01-11,230,230,0
2025-12-16T05:56:20+0700,2026-01-11,230,230,0
2025-12-16T06:14:00+0700,2026-01-11,230,230,0
2025-12-16T06:31:33+0700,2026-01-11,230,230,0
2025-12-16T06:43:04+0700,2026-01-11,230,230,0
2025-12-16T06:50:32+0700,2026-01-11,230,230,0
2025-12-16T06:57:15+0700,2026-01-11,230,230,0
2025-12-16T08:17:22+0700,2026-01-11,230,230,0
2025-12-16T10:01:03+0700,2026-01-11,230,230,0
2025-12-16T10:59:04+0700,2026-01-11,230,230,0
2025-12-16T11:35:08+0700,2026-01-11,230,230,0
2025-12-16T11:57:36+0700,2026-01-11,230,230,0
2025-12-16T12:19:08+0700,2026-01-11,230,230,0
2025-12-16T12:41:42+0700,2026-01-11,230,230,0
2025-12-16T12:52:18+0700,2026-01-11,230,230,0
2025-12-16T12:59:06+0700,2026-01-11,230,230,0
2025-12-16T13:34:01+0700,2026-01-11,230,230,0
2025-12-16T13:58:06+0700,2026-01-11,230,230,0
2025-12-16T14:21:22+0700,2026-01-11,230,230,0
2025-12-16T14:39:44+0700,2026-01-11,230,230,0
2025-12-16T14:49:11+0700,2026-01-11,230,230,0
2025-12-16T14:55:40+0700,2026-01-11,230,230,0
2025-12-16T15:18:42+0700,2026-01-11,230,230,0
2025-12-16T15:48:38+0700,2026-01-11,230,230,0
2025-12-16T16:02:46+0700,2026-01-11,230,230,0
2025-12-16T16:34:21+0700,2026-01-11,230,230,0
2025-12-16T16:51:11+0700,2026-01-11,230,230,0
2025-12-16T16:58:48+0700,2026-01-11,230,230,0
2025-12-16T17:24:07+0700,2026-01-11,230,230,0
2025-12-16T17:45:59+0700,2026-01-11,230,230,0
2025-12-16T17:57:18+0700,2026-01-11,230,230,0
2025-12-16T18:15:37+0700,2026-01-11,230,230,0
2025-12-16T18:32:26+0700,2026-01-11,230,230,0
2025-12-16T18:44:04+0700,2026-01-11,230,230,0
2025-12-16T18:51:20+0700,2026-01-11,230,230,0
2025-12-16T18:58:11+0700,2026-01-11,230,230,0
2025-12-16T19:39:58+0700,2026-01-11,230,230,0
2025-12-16T20:24:46+0700,2026-01-11,230,230,0
2025-12-16T20:52:41+0700,2026-01-11,230,230,0
2025-12-16T21:01:53+0700,2026-01-11,230,230,0
2025-12-16T21:32:56+0700,2026-01-11,230,230,0
2025-12-16T21:53:23+0700,2026-01-11,230,230,0
2025-12-16T22:11:33+0700,2026-01-11,230,230,0
2025-12-16T22:35:25+0700,2026-01-11,230,230,0
2025-12-16T22:48:23+0700,2026-01-11,230,230,0
2025-12-16T22:57:33+0700,2026-01-11,230,230,0
2025-12-16T23:23:45+0700,2026-01-11,230,230,0
2025-12-16T23:51:02+0700,2026-01-11,230,230,0
2025-12-17T00:12:58+0700,2026-01-11,230,230,0
2025-12-17T00:38:24+0700,2026-01-11,230,230,0
2025-12-17T00:51:52+0700,2026-01-11,230,230,0
2025-12-17T01:32:31+0700,2026-01-11,230,230,0
2025-12-17T01:56:16+0700,2026-01-11,230,230,0
2025-12-17T02:14:33+0700,2026-01-11,230,230,0
2025-12-17T02:30:30+0700,2026-01-11,230,230,0
2025-12-17T02:40:59+0700,2026-01-11,230,230,0
2025-12-17T02:47:58+0700,2026-01-11,230,230,0
2025-12-17T02:54:48+0700,2026-01-11,230,230,0
2025-12-17T03:12:06+0700,2026-01-11,230,230,0
2025-12-17T03:36:15+0700,2026-01-11,230,230,0
2025-12-17T03:49:39+0700,2026-01-11,230,230,0
2025-12-17T03:57:02+0700,2026-01-11,230,230,0
2025-12-17T04:15:55+0700,2026-01-11,230,230,0
2025-12-17T04:33:14+0700,2026-01-11,230,230,0
2025-12-17T04:44:47+0700,2026-01-11,230,230,0
2025-12-17T04:51:32+0700,2026-01-11,230,230,0
2025-12-17T04:58:16+0700,2026-01-11,230,230,0
2025-12-17T05:17:37+0700,2026-01-11,230,230,0
2025-12-17T05:35:39+0700,2026-01-11,230,230,0
2025-12-17T05:46:43+0700,2026-01-11,230,230,0
2025-12-17T05:53:15+0700,2026-01-11,230,230,0
2025-12-17T05:59:31+0700,2026-01-11,230,230,0
2025-12-17T06:20:27+0700,2026-01-11,230,230,0
2025-12-17T06:34:33+0700,2026-01-11,230,230,0
2025-12-17T06:44:55+0700,2026-01-11,230,230,0
2025-12-17T06:51:12+0700,2026-01-11,230,230,0
2025-12-17T06:57:35+0700,2026-01-11,230,230,0
2025-12-17T08:14:36+0700,2026-01-11,230,230,0
2025-12-17T09:56:47+0700,2026-01-11,230,230,0
2025-12-17T10:51:50+0700,2026-01-11,230,230,0
2025-12-17T11:21:47+0700,2026-01-11,230,230,0
2025-12-17T11:48:39+0700,2026-01-11,230,230,0
2025-12-17T12:00:59+0700,2026-01-11,230,230,0
2025-12-17T12:28:18+0700,2026-01-11,230,230,0
2025-12-17T12:45:39+0700,2026-01-11,230,230,0
2025-12-17T12:54:11+0700,2026-01-11,230,230,0
2025-12-17T13:15:02+0700,2026-01-11,230,230,0
2025-12-17T13:49:43+0700,2026-01-11,230,230,0
2025-12-17T14:01:47+0700,2026-01-11,230,230,0
2025-12-17T14:29:05+0700,2026-01-11,230,230,0
2025-12-17T14:43:15+0700,2026-01-11,230,230,0
2025-12-17T14:51:26+0700,2026-01-11,230,230,0
2025-12-17T14:57:50+0700,2026-01-11,230,230,0
2025-12-17T15:25:37+0700,2026-01-11,230,230,0
2025-12-17T15:50:28+0700,2026-01-11,230,230,0
2025-12-17T16:14:18+0700,2026-01-11,230,230,0
2025-12-17T16:41:17+0700,2026-01-11,230,230,0
2025-12-17T16:54:12+0700,2026-01-11,230,230,0
2025-12-17T17:01:14+0700,2026-01-11,230,230,0
2025-12-17T17:30:51+0700,2026-01-11,230,230,0
2025-12-17T17:50:10+0700,2026-01-11,230,230,0
2025-12-17T17:58:38+0700,2026-01-11,230,230,0
2025-12-17T18:19:29+0700,2026-01-11,230,230,0
2025-12-17T18:33:59+0700,2026-01-11,230,230,0
2025-12-17T18:44:58+0700,2026-01-11,230,230,0
2025-12-17T18:52:02+0700,2026-01-11,230,230,0
2025-12-17T18:58:08+0700,2026-01-11,230,230,0
2025-12-17T19:40:17+0700,2026-01-11,230,230,0
2025-12-17T20:21:54+0700,2026-01-11,230,230,0
2025-12-17T20:48:03+0700,2026-01-11,230,230,0
2025-12-17T20:58:19+0700,2026-01-11,230,230,0
2025-12-17T21:20:26+0700,2026-01-11,230,230,0
2025-12-17T21:44:28+0700,2026-01-11,230,230,0
2025-12-17T21:57:59+0700,2026-01-11,230,230,0
2025-12-17T22:19:58+0700,2026-01-11,230,230,0
2025-12-17T22:41:48+0700,2026-01-11,230,230,0
2025-12-17T22:55:53+0700,2026-01-11,230,230,0
2025-12-17T23:17:06+0700,2026-01-11,230,230,0
2025-12-17T23:47:43+0700,2026-01-11,230,230,0
2025-12-18T00:03:05+0700,2026-01-11,230,230,0
2025-12-18T00:31:27+0700,2026-01-11,230,230,0
2025-12-18T00:48:06+0700,2026-01-11,230,230,0
2025-12-18T00:56:09+0700,2026-01-11,230,230,0
2025-12-18T01:21:01+0700,2026-01-11,230,230,0
2025-12-18T01:50:35+0700,2026-01-11,230,230,0
2025-12-18T02:02:26+0700,2026-01-11,230,230,0
2025-12-18T02:26:05+0700,2026-01-11,230,230,0
2025-12-18T02:37:21+0700,2026-01-11,230,230,0
2025-12-18T02:45:31+0700,2026-01-11,230,230,0
2025-12-18T02:52:16+0700,2026-01-11,230,230,0
2025-12-18T02:58:28+0700,2026-01-11,230,230,0
2025-12-18T03:22:13+0700,2026-01-11,230,230,0
2025-12-18T03:42:21+0700,2026-01-11,230,230,0
2025-12-18T03:53:38+0700,2026-01-11,230,230,0
2025-12-18T04:00:19+0700,2026-01-11,230,230,0
2025-12-18T04:24:17+0700,2026-01-11,230,230,0
2025-12-18T04:38:31+0700,2026-01-11,230,230,0
2025-12-18T04:47:45+0700,2026-01-11,230,230,0
2025-12-18T04:54:10+0700,2026-01-11,230,230,0
2025-12-18T05:01:05+0700,2026-01-11,230,230,0
2025-12-18T05:25:24+0700,2026-01-11,230,230,0
2025-12-18T05:41:46+0700,2026-01-11,230,230,0
2025-12-18T05:51:45+0700,2026-01-11,230,230,0
2025-12-18T05:58:06+0700,2026-01-11,230,230,0
2025-12-18T06:17:42+0700,2026-01-11,230,230,0
2025-12-18T06:32:53+0700,2026-01-11,230,230,0
2025-12-18T06:44:24+0700,2026-01-11,230,230,0
2025-12-18T06:51:19+0700,2026-01-11,230,230,0
2025-12-18T06:57:34+0700,2026-01-11,230,230,0
2025-12-18T08:16:18+0700,2026-01-11,230,230,0
2025-12-18T09:57:21+0700,2026-01-11,230,230,0
2025-12-18T10:53:29+0700,2026-01-11,230,230,0
2025-12-18T11:22:47+0700,2026-01-11,230,230,0
2025-12-18T11:49:29+0700,2026-01-11,230,230,0
2025-12-18T12:01:16+0700,2026-01-11,230,230,0
2025-12-18T12:29:22+0700,2026-01-11,230,230,0
2025-12-18T12:46:33+0700,2026-01-11,230,230,0
2025-12-18T12:55:07+0700,2026-01-11,230,230,0
2025-12-18T13:18:24+0700,2026-01-11,230,230,0
2025-12-18T13:50:47+0700,2026-01-11,230,230,0
2025-12-18T14:01:55+0700,2026-01-11,230,230,0
2025-12-18T14:28:46+0700,2026-01-11,230,230,0
2025-12-18T14:42:28+0700,2026-01-11,230,230,0
2025-12-18T14:49:50+0700,2026-01-11,230,230,0
2025-12-18T14:56:01+0700,2026-01-11,230,230,0
2025-12-18T15:19:03+0700,2026-01-11,230,230,0
2025-12-18T15:47:00+0700,2026-01-11,230,230,0
2025-12-18T16:01:57+0700,2026-01-11,230,230,0
2025-12-18T16:34:44+0700,2026-01-11,230,228,2
2025-12-18T16:52:01+0700,2026-01-11,230,228,2
2025-12-18T16:59:24+0700,2026-01-11,230,228,2
2025-12-18T17:24:48+0700,2026-01-11,230,228,2
2025-12-18T17:45:04+0700,2026-01-11,230,228,2
2025-12-18T17:55:41+0700,2026-01-11,230,228,2
2025-12-18T18:12:12+0700,2026-01-11,230,228,2
2025-12-18T18:29:58+0700,2026-01-11,230,228,2
2025-12-18T18:41:15+0700,2026-01-11,230,228,2
2025-12-18T18:49:02+0700,2026-01-11,230,228,2
2025-12-18T18:55:39+0700,2026-01-11,230,228,2
2025-12-18T19:25:00+0700,2026-01-11,230,228,2
2025-12-18T20:08:38+0700,2026-01-11,230,228,2
2025-12-18T20:46:51+0700,2026-01-11,230,228,2
2025-12-18T20:59:50+0700,2026-01-11,230,228,2
2025-12-18T21:25:07+0700,2026-01-11,230,228,2
2025-12-18T21:44:56+0700,2026-01-11,230,228,2
2025-12-18T21:57:32+0700,2026-01-11,230,228,2
2025-12-18T22:18:47+0700,2026-01-11,230,228,2
2025-12-18T22:40:34+0700,2026-01-11,230,228,2
2025-12-18T22:53:01+0700,2026-01-11,230,228,2
2025-12-18T22:59:48+0700,2026-01-11,230,228,2
2025-12-18T23:33:01+0700,2026-01-11,230,228,2
2025-12-18T23:56:39+0700,2026-01-11,230,228,2
2025-12-19T00:18:47+0700,2026-01-11,230,228,2
2025-12-19T00:42:07+0700,2026-01-11,230,228,2
2025-12-19T00:52:57+0700,2026-01-11,230,228,2
2025-12-19T00:59:07+0700,2026-01-11,230,228,2
2025-12-19T01:31:52+0700,2026-01-11,230,228,2
2025-12-19T01:55:45+0700,2026-01-11,230,228,2
2025-12-19T02:12:42+0700,2026-01-11,230,228,2
2025-12-19T02:26:27+0700,2026-01-11,230,228,2
2025-12-19T02:36:59+0700,2026-01-11,230,228,2
2025-12-19T02:43:49+0700,2026-01-11,230,228,2
2025-12-19T02:50:00+0700,2026-01-11,230,228,2
2025-12-19T02:56:32+0700,2026-01-11,230,228,2
2025-12-19T03:14:39+0700,2026-01-11,230,228,2
2025-12-19T03:32:34+0700,2026-01-11,230,228,2
2025-12-19T03:45:01+0700,2026-01-11,230,228,2
2025-12-19T03:53:19+0700,2026-01-11,230,228,2
2025-12-19T03:59:26+0700,2026-01-11,230,228,2
2025-12-19T04:18:32+0700,2026-01-11,230,228,2
2025-12-19T04:31:10+0700,2026-01-11,230,228,2
2025-12-19T04:41:32+0700,2026-01-11,230,228,2
2025-12-19T04:48:22+0700,2026-01-11,230,228,2
2025-12-19T04:54:51+0700,2026-01-11,230,228,2
2025-12-19T05:10:27+0700,2026-01-11,230,228,2
2025-12-19T05:33:33+0700,2026-01-11,230,228,2
2025-12-19T05:46:29+0700,2026-01-11,230,228,2
2025-12-19T05:53:30+0700,2026-01-11,230,228,2
2025-12-19T05:59:59+0700,2026-01-11,230,228,2
2025-12-19T06:21:47+0700,2026-01-11,230,228,2
2025-12-19T06:35:14+0700,2026-01-11,230,228,2
2025-12-19T06:45:28+0700,2026-01-11,230,228,2
2025-12-19T06:52:18+0700,2026-01-11,230,228,2
2025-12-19T06:58:59+0700,2026-01-11,230,228,2
2025-12-19T08:41:44+0700,2026-01-11,230,230,0
2025-12-19T10:13:43+0700,2026-01-11,230,230,0
2025-12-19T11:04:13+0700,2026-01-11,230,230,0
2025-12-19T11:40:20+0700,2026-01-11,230,230,0
2025-12-19T11:58:29+0700,2026-01-11,230,230,0
2025-12-19T12:20:32+0700,2026-01-11,230,230,0
2025-12-19T12:40:53+0700,2026-01-11,230,230,0
2025-12-19T12:51:52+0700,2026-01-11,230,230,0
2025-12-19T12:58:11+0700,2026-01-11,230,230,0
2025-12-19T13:28:53+0700,2026-01-11,230,230,0
2025-12-19T13:53:31+0700,2026-01-11,230,230,0
2025-12-19T14:11:33+0700,2026-01-11,230,230,0
2025-12-19T14:32:16+0700,2026-01-11,230,230,0
2025-12-19T14:43:36+0700,2026-01-11,230,230,0
2025-12-19T14:50:21+0700,2026-01-11,230,230,0
2025-12-19T14:56:34+0700,2026-01-11,230,230,0
2025-12-19T15:20:42+0700,2026-01-11,230,230,0
2025-12-19T15:47:31+0700,2026-01-11,230,230,0
2025-12-19T16:00:54+0700,2026-01-11,230,230,0
2025-12-19T16:29:29+0700,2026-01-11,230,230,0
2025-12-19T16:46:33+0700,2026-01-11,230,230,0
2025-12-19T16:55:07+0700,2026-01-11,230,230,0
2025-12-19T17:12:28+0700,2026-01-11,230,230,0
2025-12-19T17:37:52+0700,2026-01-11,230,230,0
2025-12-19T17:51:59+0700,2026-01-11,230,230,0
2025-12-19T17:58:51+0700,2026-01-11,230,230,0
2025-12-19T18:18:07+0700,2026-01-11,230,230,0
2025-12-19T18:31:53+0700,2026-01-11,230,230,0
2025-12-19T18:42:45+0700,2026-01-11,230,230,0
2025-12-19T18:50:02+0700,2026-01-11,230,230,0
2025-12-19T18:56:37+0700,2026-01-11,230,230,0
2025-12-19T19:29:05+0700,2026-01-11,230,230,0
2025-12-19T20:09:09+0700,2026-01-11,230,230,0
2025-12-19T20:43:13+0700,2026-01-11,230,230,0
2025-12-19T20:54:18+0700,2026-01-11,230,230,0
2025-12-19T21:10:09+0700,2026-01-11,230,230,0
2025-12-19T21:35:11+0700,2026-01-11,230,230,0
2025-12-19T21:49:45+0700,2026-01-11,230,230,0
2025-12-19T21:57:10+0700,2026-01-11,230,230,0
2025-12-19T22:17:17+0700,2026-01-11,230,230,0
2025-12-19T22:38:01+0700,2026-01-11,230,230,0
2025-12-19T22:50:25+0700,2026-01-11,230,230,0
2025-12-19T22:57:38+0700,2026-01-11,230,230,0
2025-12-19T23:21:35+0700,2026-01-11,230,230,0
2025-12-19T23:46:26+0700,2026-01-11,230,230,0
2025-12-19T23:58:50+0700,2026-01-11,230,230,0
2025-12-20T00:18:32+0700,2026-01-11,230,230,0
2025-12-20T00:32:21+0700,2026-01-11,230,230,0
2025-12-20T00:41:12+0700,2026-01-11,230,230,0
2025-12-20T00:47:57+0700,2026-01-11,230,230,0
2025-12-20T00:58:12+0700,2026-01-11,230,230,0
2025-12-20T01:27:02+0700,2026-01-11,230,230,0
2025-12-20T01:50:56+0700,2026-01-11,230,230,0
2025-12-20T02:00:52+0700,2026-01-11,230,230,0
2025-12-20T02:20:03+0700,2026-01-11,230,230,0
2025-12-20T02:30:52+0700,2026-01-11,230,230,0
2025-12-20T02:40:09+0700,2026-01-11,230,230,0
2025-12-20T02:46:53+0700,2026-01-11,230,230,0
2025-12-20T02:53:53+0700,2026-01-11,230,230,0
2025-12-20T03:00:27+0700,2026-01-11,230,230,0
2025-12-20T03:27:29+0700,2026-01-11,230,230,0
2025-12-20T03:42:35+0700,2026-01-11,230,230,0
2025-12-20T03:52:10+0700,2026-01-11,230,230,0
2025-12-20T03:59:02+0700,2026-01-11,230,230,0
2025-12-20T04:18:49+0700,2026-01-11,230,230,0
2025-12-20T04:32:44+0700,2026-01-11,230,230,0
2025-12-20T04:43:46+0700,2026-01-11,230,230,0
2025-12-20T04:50:28+0700,2026-01-11,230,230,0
2025-12-20T04:57:05+0700,2026-01-11,230,230,0
2025-12-20T05:15:40+0700,2026-01-11,230,230,0
2025-12-20T05:35:04+0700,2026-01-11,230,230,0
2025-12-20T05:46:59+0700,2026-01-11,230,230,0
2025-12-20T05:53:54+0700,2026-01-11,230,230,0
2025-12-20T06:00:18+0700,2026-01-11,230,230,0
2025-12-20T06:22:07+0700,2026-01-11,230,230,0
2025-12-20T06:34:51+0700,2026-01-11,230,230,0
2025-12-20T06:44:07+0700,2026-01-11,230,230,0
2025-12-20T06:50:28+0700,2026-01-11,230,230,0
2025-12-20T06:57:13+0700,2026-01-11,230,230,0
2025-12-20T08:11:54+0700,2026-01-11,230,230,0
2025-12-20T09:50:38+0700,2026-01-11,230,230,0
2025-12-20T10:40:34+0700,2026-01-11,230,230,0
2025-12-20T11:02:02+0700,2026-01-11,230,230,0
2025-12-20T11:33:23+0700,2026-01-11,230,230,0
2025-12-20T11:48:54+0700,2026-01-11,230,230,0
2025-12-20T11:56:33+0700,2026-01-11,230,230,0
2025-12-20T12:14:03+0700,2026-01-11,230,230,0
2025-12-20T12:34:28+0700,2026-01-11,230,230,0
2025-12-20T12:48:22+0700,2026-01-11,230,230,0
2025-12-20T12:55:23+0700,2026-01-11,230,230,0
2025-12-20T13:18:03+0700,2026-01-11,230,230,0
2025-12-20T13:46:53+0700,2026-01-11,230,230,0
2025-12-20T13:57:17+0700,2026-01-11,230,230,0
2025-12-20T14:14:32+0700,2026-01-11,230,230,0
2025-12-20T14:29:28+0700,2026-01-11,230,230,0
2025-12-20T14:38:45+0700,2026-01-11,230,230,0
2025-12-20T14:45:24+0700,2026-01-11,230,230,0
2025-12-20T14:52:12+0700,2026-01-11,230,230,0
2025-12-20T14:58:27+0700,2026-01-11,230,230,0
2025-12-20T15:23:42+0700,2026-01-11,230,230,0
2025-12-20T15:42:52+0700,2026-01-11,230,230,0
2025-12-20T15:54:28+0700,2026-01-11,230,230,0
2025-12-20T16:09:04+0700,2026-01-11,230,230,0
2025-12-20T16:29:41+0700,2026-01-11,230,230,0
2025-12-20T16:40:31+0700,2026-01-11,230,230,0
2025-12-20T16:47:19+0700,2026-01-11,230,230,0
2025-12-20T16:53:26+0700,2026-01-11,230,230,0
2025-12-20T16:59:33+0700,2026-01-11,230,230,0
2025-12-20T17:21:06+0700,2026-01-11,230,230,0
2025-12-20T17:38:52+0700,2026-01-11,230,230,0
2025-12-20T17:47:44+0700,2026-01-11,230,230,0
2025-12-20T17:54:07+0700,2026-01-11,230,230,0
2025-12-20T18:00:40+0700,2026-01-11,230,230,0
2025-12-20T18:19:07+0700,2026-01-11,230,230,0
2025-12-20T18:29:15+0700,2026-01-11,230,230,0
2025-12-20T18:37:29+0700,2026-01-11,230,230,0
2025-12-20T18:43:53+0700,2026-01-11,230,230,0
2025-12-20T18:50:37+0700,2026-01-11,230,230,0
2025-12-20T18:56:36+0700,2026-01-11,230,230,0
2025-12-20T19:26:44+0700,2026-01-11,230,230,0
2025-12-20T20:02:46+0700,2026-01-11,230,230,0
2025-12-20T20:32:51+0700,2026-01-11,230,230,0
2025-12-20T20:44:30+0700,2026-01-11,230,230,0
2025-12-20T20:51:23+0700,2026-01-11,230,230,0
2025-12-20T20:57:51+0700,2026-01-11,230,230,0
2025-12-20T21:15:13+0700,2026-01-11,230,230,0
2025-12-20T21:33:01+0700,2026-01-11,230,230,0
2025-12-20T21:43:49+0700,2026-01-11,230,230,0
2025-12-20T21:49:54+0700,2026-01-11,230,230,0
2025-12-20T21:56:41+0700,2026-01-11,230,230,0
2025-12-20T22:13:29+0700,2026-01-11,230,230,0
2025-12-20T22:30:58+0700,2026-01-11,230,230,0
2025-12-20T22:41:32+0700,2026-01-11,230,230,0
2025-12-20T22:48:22+0700,2026-01-11,230,230,0
2025-12-20T22:54:40+0700,2026-01-11,230,230,0
2025-12-20T23:10:47+0700,2026-01-11,230,230,0
2025-12-20T23:36:06+0700,2026-01-11,230,230,0
2025-12-20T23:48:51+0700,2026-01-11,230,230,0
2025-12-20T23:55:24+0700,2026-01-11,230,230,0
2025-12-21T00:09:07+0700,2026-01-11,230,230,0
2025-12-21T00:28:02+0700,2026-01-11,230,230,0
2025-12-21T00:38:23+0700,2026-01-11,230,230,0
2025-12-21T00:45:08+0700,2026-01-11,230,230,0
2025-12-21T00:51:59+0700,2026-01-11,230,230,0
2025-12-21T00:58:43+0700,2026-01-11,230,230,0
2025-12-21T01:25:33+0700,2026-01-11,230,230,0
2025-12-21T01:44:29+0700,2026-01-11,230,230,0
2025-12-21T01:53:38+0700,2026-01-11,230,230,0
2025-12-21T02:00:16+0700,2026-01-11,230,230,0
2025-12-21T02:17:55+0700,2026-01-11,230,230,0
2025-12-21T02:27:49+0700,2026-01-11,230,230,0
2025-12-21T02:35:42+0700,2026-01-11,230,230,0
2025-12-21T02:42:14+0700,2026-01-11,230,230,0
2025-12-21T02:48:25+0700,2026-01-11,230,230,0
2025-12-21T02:54:33+0700,2026-01-11,230,230,0
2025-12-21T03:09:44+0700,2026-01-11,230,230,0
2025-12-21T03:30:56+0700,2026-01-11,230,230,0
2025-12-21T03:42:08+0700,2026-01-11,230,230,0
2025-12-21T03:49:13+0700,2026-01-11,230,230,0
2025-12-21T03:55:58+0700,2026-01-11,230,230,0
2025-12-21T04:10:50+0700,2026-01-11,230,230,0
2025-12-21T04:27:11+0700,2026-01-11,230,230,0
2025-12-21T04:35:55+0700,2026-01-11,230,230,0
2025-12-21T04:42:51+0700,2026-01-11,230,230,0
2025-12-21T04:49:26+0700,2026-01-11,230,230,0
2025-12-21T04:55:44+0700,2026-01-11,230,230,0
2025-12-21T05:11:00+0700,2026-01-11,230,230,0
2025-12-21T05:31:19+0700,2026-01-11,230,230,0
2025-12-21T05:43:00+0700,2026-01-11,230,230,0
2025-12-21T05:49:51+0700,2026-01-11,230,230,0
2025-12-21T05:56:14+0700,2026-01-11,230,230,0
2025-12-21T06:12:32+0700,2026-01-11,230,230,0
2025-12-21T06:28:45+0700,2026-01-11,230,230,0
2025-12-21T06:38:15+0700,2026-01-11,230,230,0
2025-12-21T06:45:04+0700,2026-01-11,230,230,0
2025-12-21T06:51:34+0700,2026-01-11,230,230,0
2025-12-21T06:58:19+0700,2026-01-11,230,230,0
2025-12-21T08:40:18+0700,2026-01-11,230,228,2
2025-12-21T10:18:20+0700,2026-01-11,230,228,2
2025-12-21T11:08:44+0700,2026-01-11,230,230,0
2025-12-21T11:45:52+0700,2026-01-11,230,230,0
2025-12-21T11:59:55+0700,2026-01-11,230,230,0
2025-12-21T12:22:22+0700,2026-01-11,230,230,0
2025-12-21T12:39:44+0700,2026-01-11,230,230,0
2025-12-21T12:49:14+0700,2026-01-11,230,230,0
2025-12-21T12:55:49+0700,2026-01-11,230,230,0
2025-12-21T13:18:50+0700,2026-01-11,230,230,0
2025-12-21T13:47:23+0700,2026-01-11,230,230,0
2025-12-21T13:58:49+0700,2026-01-11,230,230,0
2025-12-21T14:18:46+0700,2026-01-11,230,230,0
2025-12-21T14:32:46+0700,2026-01-11,230,230,0
2025-12-21T14:42:24+0700,2026-01-11,230,230,0
2025-12-21T14:49:09+0700,2026-01-11,230,230,0
2025-12-21T14:56:03+0700,2026-01-11,230,230,0
2025-12-21T15:17:11+0700,2026-01-11,230,230,0
2025-12-21T15:41:24+0700,2026-01-11,230,230,0
2025-12-21T15:53:34+0700,2026-01-11,230,230,0
2025-12-21T16:00:08+0700,2026-01-11,230,230,0
2025-12-21T16:23:07+0700,2026-01-11,230,230,0
2025-12-21T16:36:42+0700,2026-01-11,230,230,0
2025-12-21T16:45:59+0700,2026-01-11,230,230,0
2025-12-21T16:52:32+0700,2026-01-11,230,230,0
2025-12-21T16:59:12+0700,2026-01-11,230,230,0
2025-12-21T17:20:19+0700,2026-01-11,230,230,0
2025-12-21T17:39:49+0700,2026-01-11,230,230,0
2025-12-21T17:49:07+0700,2026-01-11,230,230,0
2025-12-21T17:55:54+0700,2026-01-11,230,230,0
2025-12-21T18:10:16+0700,2026-01-11,230,230,0
2025-12-21T18:26:20+0700,2026-01-11,230,230,0
2025-12-21T18:35:07+0700,2026-01-11,230,230,0
2025-12-21T18:42:57+0700,2026-01-11,230,230,0
2025-12-21T18:49:08+0700,2026-01-11,230,230,0
2025-12-21T18:55:20+0700,2026-01-11,230,230,0
2025-12-21T19:20:22+0700,2026-01-11,230,230,0
2025-12-21T20:00:15+0700,2026-01-11,230,230,0
2025-12-21T20:29:59+0700,2026-01-11,230,230,0
2025-12-21T20:44:34+0700,2026-01-11,230,230,0
2025-12-21T20:51:36+0700,2026-01-11,230,230,0
2025-12-21T20:57:44+0700,2026-01-11,230,230,0
2025-12-21T21:15:34+0700,2026-01-11,230,230,0
2025-12-21T21:33:27+0700,2026-01-11,230,230,0
2025-12-21T21:44:39+0700,2026-01-11,230,230,0
2025-12-21T21:51:22+0700,2026-01-11,230,230,0
2025-12-21T21:57:56+0700,2026-01-11,230,230,0
2025-12-21T22:16:17+0700,2026-01-11,230,230,0
2025-12-21T22:32:04+0700,2026-01-11,230,230,0
2025-12-21T22:42:36+0700,2026-01-11,230,230,0
2025-12-21T22:49:20+0700,2026-01-11,230,230,0
2025-12-21T22:55:59+0700,2026-01-11,230,230,0
2025-12-21T23:14:24+0700,2026-01-11,230,230,0
2025-12-21T23:38:26+0700,2026-01-11,230,230,0
2025-12-21T23:50:32+0700,2026-01-11,230,230,0
2025-12-21T23:56:41+0700,2026-01-11,230,230,0
2025-12-22T00:12:16+0700,2026-01-11,230,230,0
2025-12-22T00:29:56+0700,2026-01-11,230,230,0
2025-12-22T00:40:46+0700,2026-01-11,230,230,0
2025-12-22T00:47:37+0700,2026-01-11,230,230,0
2025-12-22T00:54:21+0700,2026-01-11,230,230,0
2025-12-22T01:12:58+0700,2026-01-11,230,230,0
2025-12-22T01:42:26+0700,2026-01-11,230,230,0
2025-12-22T01:54:10+0700,2026-01-11,230,230,0
2025-12-22T02:00:16+0700,2026-01-11,230,230,0
2025-12-22T02:18:00+0700,2026-01-11,230,230,0
2025-12-22T02:28:12+0700,2026-01-11,230,230,0
2025-12-22T02:36:34+0700,2026-01-11,230,230,0
2025-12-22T02:42:46+0700,2026-01-11,230,230,0
2025-12-22T02:49:32+0700,2026-01-11,230,230,0
2025-12-22T02:55:36+0700,2026-01-11,230,230,0
2025-12-22T03:13:02+0700,2026-01-11,230,230,0
2025-12-22T03:33:16+0700,2026-01-11,230,230,0
2025-12-22T03:44:27+0700,2026-01-11,230,230,0
2025-12-22T03:51:30+0700,2026-01-11,230,230,0
2025-12-22T03:57:47+0700,2026-01-11,230,230,0
2025-12-22T04:14:48+0700,2026-01-11,230,230,0
2025-12-22T04:29:48+0700,2026-01-11,230,230,0
2025-12-22T04:39:09+0700,2026-01-11,230,230,0
2025-12-22T04:45:23+0700,2026-01-11,230,230,0
2025-12-22T04:52:11+0700,2026-01-11,230,230,0
2025-12-22T04:58:35+0700,2026-01-11,230,230,0
2025-12-22T05:18:15+0700,2026-01-11,230,230,0
2025-12-22T05:36:11+0700,2026-01-11,230,230,0
2025-12-22T05:47:00+0700,2026-01-11,230,230,0
2025-12-22T05:53:03+0700,2026-01-11,230,230,0
2025-12-22T05:59:44+0700,2026-01-11,230,230,0
2025-12-22T06:20:06+0700,2026-01-11,230,230,0
2025-12-22T06:32:33+0700,2026-01-11,230,230,0
2025-12-22T06:43:11+0700,2026-01-11,230,230,0
2025-12-22T06:49:36+0700,2026-01-11,230,230,0
2025-12-22T06:56:24+0700,2026-01-11,230,230,0
2025-12-22T08:09:45+0700,2026-01-11,230,230,0
2025-12-22T10:06:56+0700,2026-01-11,230,230,0
2025-12-22T11:09:52+0700,2026-01-11,230,230,0
2025-12-22T11:50:03+0700,2026-01-11,230,230,0
2025-12-22T12:12:41+0700,2026-01-11,230,230,0
2025-12-22T12:38:27+0700,2026-01-11,230,230,0
2025-12-22T12:51:02+0700,2026-01-11,230,230,0
2025-12-22T12:57:11+0700,2026-01-11,230,230,0
2025-12-22T13:27:39+0700,2026-01-11,230,230,0
2025-12-22T13:55:51+0700,2026-01-11,230,230,0
2025-12-22T14:18:07+0700,2026-01-11,230,230,0
2025-12-22T14:38:01+0700,2026-01-11,230,230,0
2025-12-22T14:48:22+0700,2026-01-11,230,230,0
2025-12-22T14:55:05+0700,2026-01-11,230,230,0
2025-12-22T15:17:35+0700,2026-01-11,230,230,0
2025-12-22T15:47:24+0700,2026-01-11,230,230,0
2025-12-22T16:01:09+0700,2026-01-11,230,230,0
2025-12-22T16:34:27+0700,2026-01-11,230,230,0
2025-12-22T16:52:06+0700,2026-01-11,230,230,0
2025-12-22T16:58:53+0700,2026-01-11,230,230,0
2025-12-22T17:21:55+0700,2026-01-11,230,230,0
2025-12-22T17:43:04+0700,2026-01-11,230,230,0
2025-12-22T17:54:15+0700,2026-01-11,230,230,0
2025-12-22T18:01:36+0700,2026-01-11,230,230,0
2025-12-22T18:24:40+0700,2026-01-11,230,230,0
2025-12-22T18:35:40+0700,2026-01-11,230,230,0
2025-12-22T18:44:04+0700,2026-01-11,230,230,0
2025-12-22T18:50:50+0700,2026-01-11,230,230,0
2025-12-22T18:57:07+0700,2026-01-11,230,230,0
2025-12-22T19:32:42+0700,2026-01-11,230,230,0
2025-12-22T20:11:17+0700,2026-01-11,230,230,0
2025-12-22T20:45:43+0700,2026-01-11,230,230,0
2025-12-22T20:56:24+0700,2026-01-11,230,230,0
2025-12-22T21:14:44+0700,2026-01-11,230,230,0
2025-12-22T21:36:53+0700,2026-01-11,230,230,0
2025-12-22T21:49:43+0700,2026-01-11,230,230,0
2025-12-22T21:56:37+0700,2026-01-11,230,230,0
2025-12-22T22:15:46+0700,2026-01-11,230,230,0
2025-12-22T22:35:41+0700,2026-01-11,230,230,0
2025-12-22T22:48:22+0700,2026-01-11,230,230,0
2025-12-22T22:55:49+0700,2026-01-11,230,230,0
2025-12-22T23:15:46+0700,2026-01-11,230,230,0
2025-12-22T23:44:07+0700,2026-01-11,230,230,0
2025-12-22T23:57:30+0700,2026-01-11,230,230,0
2025-12-23T00:15:42+0700,2026-01-11,230,230,0
2025-12-23T00:33:46+0700,2026-01-11,230,230,0
2025-12-23T00:45:49+0700,2026-01-11,230,230,0
2025-12-23T00:52:33+0700,2026-01-11,230,230,0
2025-12-23T00:59:09+0700,2026-01-11,230,230,0
2025-12-23T01:31:31+0700,2026-01-11,230,230,0
2025-12-23T01:54:02+0700,2026-01-11,230,230,0
2025-12-23T02:08:34+0700,2026-01-11,230,230,0
2025-12-23T02:26:59+0700,2026-01-11,230,230,0
2025-12-23T02:36:16+0700,2026-01-11,230,230,0
2025-12-23T02:43:46+0700,2026-01-11,230,230,0
2025-12-23T02:50:34+0700,2026-01-11,230,230,0
2025-12-23T02:57:15+0700,2026-01-11,230,230,0
2025-12-23T03:18:06+0700,2026-01-11,230,230,0
2025-12-23T03:38:17+0700,2026-01-11,230,230,0
2025-12-23T03:49:58+0700,2026-01-11,230,230,0
2025-12-23T03:57:03+0700,2026-01-11,230,230,0
2025-12-23T04:13:49+0700,2026-01-11,230,230,0
2025-12-23T04:30:09+0700,2026-01-11,230,230,0
2025-12-23T04:40:54+0700,2026-01-11,230,230,0
2025-12-23T04:47:41+0700,2026-01-11,230,230,0
2025-12-23T04:54:32+0700,2026-01-11,230,230,0
2025-12-23T05:09:33+0700,2026-01-11,230,230,0
2025-12-23T05:33:48+0700,2026-01-11,230,230,0
2025-12-23T05:47:13+0700,2026-01-11,230,230,0
2025-12-23T05:54:36+0700,2026-01-11,230,230,0
2025-12-23T06:09:32+0700,2026-01-11,230,230,0
2025-12-23T06:29:15+0700,2026-01-11,230,230,0
2025-12-23T06:40:46+0700,2026-01-11,230,230,0
2025-12-23T06:48:11+0700,2026-01-11,230,230,0
2025-12-23T06:54:54+0700,2026-01-11,230,230,0
2025-12-23T07:51:45+0700,2026-01-11,230,230,0
2025-12-23T09:46:33+0700,2026-01-11,230,230,0
2025-12-23T10:51:08+0700,2026-01-11,230,230,0
2025-12-23T11:25:43+0700,2026-01-11,230,230,0
2025-12-23T11:53:16+0700,2026-01-11,230,230,0
2025-12-23T12:13:36+0700,2026-01-11,230,230,0
2025-12-23T12:40:10+0700,2026-01-11,230,230,0
2025-12-23T12:52:41+0700,2026-01-11,230,230,0
2025-12-23T12:59:21+0700,2026-01-11,230,230,0
2025-12-23T13:35:37+0700,2026-01-11,230,230,0
2025-12-23T13:58:51+0700,2026-01-11,230,230,0
2025-12-23T14:23:08+0700,2026-01-11,230,230,0
2025-12-23T14:40:33+0700,2026-01-11,230,230,0
2025-12-23T14:50:15+0700,2026-01-11,230,230,0
2025-12-23T14:56:17+0700,2026-01-11,230,230,0
2025-12-23T15:20:17+0700,2026-01-11,230,230,0
2025-12-23T15:47:23+0700,2026-01-11,230,230,0
2025-12-23T16:01:36+0700,2026-01-11,230,229,1
2025-12-23T16:32:15+0700,2026-01-11,230,230,0
2025-12-23T16:48:39+0700,2026-01-11,230,230,0
2025-12-23T16:56:53+0700,2026-01-11,230,230,0
2025-12-23T17:17:27+0700,2026-01-11,230,230,0
2025-12-23T17:43:08+0700,2026-01-11,230,230,0
2025-12-23T17:54:29+0700,2026-01-11,230,230,0
2025-12-23T18:09:30+0700,2026-01-11,230,230,0
2025-12-23T18:29:19+0700,2026-01-11,230,230,0
2025-12-23T18:40:42+0700,2026-01-11,230,230,0
2025-12-23T18:48:17+0700,2026-01-11,230,230,0
2025-12-23T18:55:04+0700,2026-01-11,230,230,0
2025-12-23T19:21:53+0700,2026-01-11,230,230,0
2025-12-23T20:07:37+0700,2026-01-11,230,230,0
2025-12-23T20:45:13+0700,2026-01-11,230,230,0
2025-12-23T20:57:21+0700,2026-01-11,230,230,0
2025-12-23T21:16:46+0700,2026-01-11,230,230,0
2025-12-23T21:40:27+0700,2026-01-11,230,230,0
2025-12-23T21:53:09+0700,2026-01-11,230,230,0
2025-12-23T21:59:46+0700,2026-01-11,230,230,0
2025-12-23T22:30:00+0700,2026-01-11,230,230,0
2025-12-23T22:41:06+0700,2026-01-11,230,230,0
2025-12-23T22:51:55+0700,2026-01-11,230,230,0
2025-12-23T22:58:14+0700,2026-01-11,230,230,0
2025-12-23T23:24:49+0700,2026-01-11,230,230,0
2025-12-23T23:48:12+0700,2026-01-11,230,230,0
2025-12-24T00:00:42+0700,2026-01-11,230,230,0
2025-12-24T00:24:17+0700,2026-01-11,230,230,0
2025-12-24T00:40:26+0700,2026-01-11,230,230,0
2025-12-24T00:50:29+0700,2026-01-11,230,230,0
2025-12-24T00:56:49+0700,2026-01-11,230,230,0
2025-12-24T01:22:30+0700,2026-01-11,230,230,0
2025-12-24T01:50:13+0700,2026-01-11,230,230,0
2025-12-24T02:01:54+0700,2026-01-11,230,230,0
2025-12-24T02:23:13+0700,2026-01-11,230,230,0
2025-12-24T02:32:13+0700,2026-01-11,230,230,0
2025-12-24T02:41:39+0700,2026-01-11,230,230,0
2025-12-24T02:48:22+0700,2026-01-11,230,230,0
2025-12-24T02:55:14+0700,2026-01-11,230,230,0
2025-12-24T03:12:30+0700,2026-01-11,230,230,0
2025-12-24T03:34:20+0700,2026-01-11,230,230,0
2025-12-24T03:46:34+0700,2026-01-11,230,230,0
2025-12-24T03:54:35+0700,2026-01-11,230,230,0
2025-12-24T04:09:38+0700,2026-01-11,230,230,0
2025-12-24T04:29:20+0700,2026-01-11,230,230,0
2025-12-24T04:40:25+0700,2026-01-11,230,230,0
2025-12-24T04:47:57+0700,2026-01-11,230,230,0
2025-12-24T04:54:21+0700,2026-01-11,230,230,0
2025-12-24T05:09:17+0700,2026-01-11,230,230,0
2025-12-24T05:32:35+0700,2026-01-11,230,230,0
2025-12-24T05:45:05+0700,2026-01-11,230,230,0
2025-12-24T05:51:54+0700,2026-01-11,230,230,0
2025-12-24T05:58:30+0700,2026-01-11,230,230,0
2025-12-24T06:17:59+0700,2026-01-11,230,230,0
2025-12-24T06:32:09+0700,2026-01-11,230,230,0
2025-12-24T06:43:03+0700,2026-01-11,230,230,0
2025-12-24T06:50:00+0700,2026-01-11,230,230,0
2025-12-24T06:56:18+0700,2026-01-11,230,230,0
2025-12-24T08:05:25+0700,2026-01-11,230,230,0
2025-12-24T09:56:42+0700,2026-01-11,230,230,0
2025-12-24T10:54:54+0700,2026-01-11,230,230,0
2025-12-24T11:27:03+0700,2026-01-11,230,230,0
2025-12-24T11:53:22+0700,2026-01-11,230,230,0
2025-12-24T12:14:04+0700,2026-01-11,230,230,0
2025-12-24T12:40:08+0700,2026-01-11,230,230,0
2025-12-24T12:52:23+0700,2026-01-11,230,230,0
2025-12-24T12:58:31+0700,2026-01-11,230,230,0
2025-12-24T13:31:36+0700,2026-01-11,230,230,0
2025-12-24T13:57:21+0700,2026-01-11,230,230,0
2025-12-24T14:20:08+0700,2026-01-11,230,230,0
2025-12-24T14:39:22+0700,2026-01-11,230,230,0
2025-12-24T14:50:02+0700,2026-01-11,230,230,0
2025-12-24T14:56:47+0700,2026-01-11,230,230,0
2025-12-24T15:21:51+0700,2026-01-11,230,230,0
2025-12-24T15:47:41+0700,2026-01-11,230,230,0
2025-12-24T16:01:50+0700,2026-01-11,230,229,1
2025-12-24T16:31:13+0700,2026-01-11,230,230,0
2025-12-24T16:46:22+0700,2026-01-11,230,230,0
2025-12-24T16:53:53+0700,2026-01-11,230,230,0
2025-12-24T17:00:17+0700,2026-01-11,230,230,0
2025-12-24T17:25:59+0700,2026-01-11,230,230,0
2025-12-24T17:43:43+0700,2026-01-11,230,230,0
2025-12-24T17:53:26+0700,2026-01-11,230,230,0
2025-12-24T17:59:39+0700,2026-01-11,230,230,0
2025-12-24T18:19:59+0700,2026-01-11,230,230,0
2025-12-24T18:32:36+0700,2026-01-11,230,230,0
2025-12-24T18:43:36+0700,2026-01-11,230,230,0
2025-12-24T18:50:18+0700,2026-01-11,230,230,0
2025-12-24T18:57:00+0700,2026-01-11,230,230,0
2025-12-24T19:32:26+0700,2026-01-11,230,230,0
2025-12-24T20:09:53+0700,2026-01-11,230,230,0
2025-12-24T20:41:37+0700,2026-01-11,230,230,0
2025-12-24T20:52:39+0700,2026-01-11,230,230,0
2025-12-24T20:58:45+0700,2026-01-11,230,230,0
2025-12-24T21:18:59+0700,2026-01-11,230,230,0
2025-12-24T21:39:18+0700,2026-01-11,230,230,0
2025-12-24T21:50:33+0700,2026-01-11,230,230,0
2025-12-24T21:57:15+0700,2026-01-11,230,230,0
2025-12-24T22:16:53+0700,2026-01-11,230,230,0
2025-12-24T22:35:32+0700,2026-01-11,230,230,0
2025-12-24T22:46:51+0700,2026-01-11,230,230,0
2025-12-24T22:54:19+0700,2026-01-11,230,230,0
2025-12-24T23:11:22+0700,2026-01-11,230,230,0
2025-12-24T23:38:50+0700,2026-01-11,230,230,0
2025-12-24T23:53:16+0700,2026-01-11,230,230,0
2025-12-24T23:59:30+0700,2026-01-11,230,230,0
2025-12-25T00:18:34+0700,2026-01-11,230,230,0
2025-12-25T00:34:19+0700,2026-01-11,230,230,0
2025-12-25T00:45:11+0700,2026-01-11,230,230,0
2025-12-25T00:51:57+0700,2026-01-11,230,230,0
2025-12-25T00:58:44+0700,2026-01-11,230,230,0
2025-12-25T01:29:08+0700,2026-01-11,230,230,0
2025-12-25T01:51:42+0700,2026-01-11,230,230,0
2025-12-25T02:00:15+0700,2026-01-11,230,230,0
2025-12-25T02:18:28+0700,2026-01-11,230,230,0
2025-12-25T02:29:20+0700,2026-01-11,230,230,0
2025-12-25T02:37:47+0700,2026-01-11,230,230,0
2025-12-25T02:44:07+0700,2026-01-11,230,230,0
2025-12-25T02:50:50+0700,2026-01-11,230,230,0
2025-12-25T02:56:56+0700,2026-01-11,230,230,0
2025-12-25T03:16:47+0700,2026-01-11,230,230,0
2025-12-25T03:36:01+0700,2026-01-11,230,230,0
2025-12-25T03:47:28+0700,2026-01-11,230,230,0
2025-12-25T03:54:33+0700,2026-01-11,230,230,0
2025-12-25T04:08:56+0700,2026-01-11,230,230,0
2025-12-25T04:28:19+0700,2026-01-11,230,230,0
2025-12-25T04:39:07+0700,2026-01-11,230,230,0
2025-12-25T04:46:24+0700,2026-01-11,230,230,0
2025-12-25T04:52:59+0700,2026-01-11,230,230,0
2025-12-25T04:59:45+0700,2026-01-11,230,230,0
2025-12-25T05:21:42+0700,2026-01-11,230,230,0
2025-12-25T05:39:29+0700,2026-01-11,230,230,0
2025-12-25T05:49:30+0700,2026-01-11,230,230,0
2025-12-25T05:56:12+0700,2026-01-11,230,230,0
2025-12-25T06:13:04+0700,2026-01-11,230,230,0
2025-12-25T06:30:37+0700,2026-01-11,230,230,0
2025-12-25T06:42:00+0700,2026-01-11,230,230,0
2025-12-25T06:49:09+0700,2026-01-11,230,230,0
2025-12-25T06:55:35+0700,2026-01-11,230,230,0
2025-12-25T07:58:46+0700,2026-01-11,230,230,0
2025-12-25T09:53:57+0700,2026-01-11,230,230,0
2025-12-25T10:53:12+0700,2026-01-11,230,230,0
2025-12-25T11:26:36+0700,2026-01-11,230,230,0
2025-12-25T11:53:37+0700,2026-01-11,230,230,0
2025-12-25T12:13:45+0700,2026-01-11,230,230,0
2025-12-25T12:39:52+0700,2026-01-11,230,230,0
2025-12-25T12:52:21+0700,2026-01-11,230,230,0
2025-12-25T12:58:39+0700,2026-01-11,230,230,0
2025-12-25T13:31:44+0700,2026-01-11,230,230,0
2025-12-25T13:56:20+0700,2026-01-11,230,230,0
2025-12-25T14:16:44+0700,2026-01-11,230,230,0
2025-12-25T14:34:22+0700,2026-01-11,230,230,0
2025-12-25T14:44:49+0700,2026-01-11,230,230,0
2025-12-25T14:51:24+0700,2026-01-11,230,230,0
2025-12-25T14:57:39+0700,2026-01-11,230,230,0
2025-12-25T15:23:39+0700,2026-01-11,230,230,0
2025-12-25T15:46:24+0700,2026-01-11,230,230,0
2025-12-25T15:58:56+0700,2026-01-11,230,230,0
2025-12-25T16:22:48+0700,2026-01-11,230,230,0
2025-12-25T16:40:17+0700,2026-01-11,230,230,0
2025-12-25T16:50:24+0700,2026-01-11,230,230,0
2025-12-25T16:56:55+0700,2026-01-11,230,230,0
2025-12-25T17:16:52+0700,2026-01-11,230,230,0
2025-12-25T17:40:43+0700,2026-01-11,230,230,0
2025-12-25T17:52:20+0700,2026-01-11,230,230,0
2025-12-25T17:58:28+0700,2026-01-11,230,230,0
2025-12-25T18:16:54+0700,2026-01-11,230,230,0
2025-12-25T18:30:37+0700,2026-01-11,230,230,0
2025-12-25T18:40:52+0700,2026-01-11,230,230,0
2025-12-25T18:47:42+0700,2026-01-11,230,230,0
2025-12-25T18:54:27+0700,2026-01-11,230,230,0
2025-12-25T19:18:08+0700,2026-01-11,230,230,0
2025-12-25T20:03:17+0700,2026-01-11,230,230,0
2025-12-25T20:37:50+0700,2026-01-11,230,230,0
2025-12-25T20:51:09+0700,2026-01-11,230,230,0
2025-12-25T20:57:48+0700,2026-01-11,230,230,0
2025-12-25T21:17:03+0700,2026-01-11,230,230,0
2025-12-25T21:37:21+0700,2026-01-11,230,230,0
2025-12-25T21:48:48+0700,2026-01-11,230,230,0
2025-12-25T21:54:52+0700,2026-01-11,230,230,0
2025-12-25T22:10:23+0700,2026-01-11,230,230,0
2025-12-25T22:31:40+0700,2026-01-11,230,230,0
2025-12-25T22:43:35+0700,2026-01-11,230,230,0
2025-12-25T22:51:08+0700,2026-01-11,230,230,0
2025-12-25T22:57:39+0700,2026-01-11,230,230,0
2025-12-25T23:21:13+0700,2026-01-11,230,230,0
2025-12-25T23:44:33+0700,2026-01-11,230,230,0
2025-12-25T23:56:55+0700,2026-01-11,230,230,0
2025-12-26T00:13:51+0700,2026-01-11,230,230,0
2025-12-26T00:32:44+0700,2026-01-11,230,230,0
2025-12-26T00:44:00+0700,2026-01-11,230,230,0
2025-12-26T00:50:47+0700,2026-01-11,230,230,0
2025-12-26T00:57:30+0700,2026-01-11,230,230,0
2025-12-26T01:24:08+0700,2026-01-11,230,230,0
2025-12-26T01:48:23+0700,2026-01-11,230,230,0
2025-12-26T01:59:07+0700,2026-01-11,230,230,0
2025-12-26T02:16:29+0700,2026-01-11,230,230,0
2025-12-26T02:28:40+0700,2026-01-11,230,230,0
2025-12-26T02:37:20+0700,2026-01-11,230,230,0
2025-12-26T02:44:08+0700,2026-01-11,230,230,0
2025-12-26T02:50:19+0700,2026-01-11,230,230,0
2025-12-26T02:57:06+0700,2026-01-11,230,230,0
2025-12-26T03:17:33+0700,2026-01-11,230,230,0
2025-12-26T03:37:11+0700,2026-01-11,230,230,0
2025-12-26T03:48:19+0700,2026-01-11,230,230,0
2025-12-26T03:55:25+0700,2026-01-11,230,230,0
2025-12-26T04:10:49+0700,2026-01-11,230,230,0
2025-12-26T04:29:26+0700,2026-01-11,230,230,0
2025-12-26T04:40:08+0700,2026-01-11,230,230,0
2025-12-26T04:47:12+0700,2026-01-11,230,230,0
2025-12-26T04:53:56+0700,2026-01-11,230,230,0
2025-12-26T05:00:28+0700,2026-01-11,230,230,0
2025-12-26T05:23:24+0700,2026-01-11,230,230,0
2025-12-26T05:39:34+0700,2026-01-11,230,230,0
2025-12-26T05:49:19+0700,2026-01-11,230,230,0
2025-12-26T05:55:27+0700,2026-01-11,230,230,0
2025-12-26T06:11:39+0700,2026-01-11,230,230,0
2025-12-26T06:30:09+0700,2026-01-11,230,230,0
2025-12-26T06:41:33+0700,2026-01-11,230,230,0
2025-12-26T06:48:55+0700,2026-01-11,230,230,0
2025-12-26T06:55:33+0700,2026-01-11,230,230,0
2025-12-26T07:58:16+0700,2026-01-11,230,230,0
2025-12-26T09:51:49+0700,2026-01-11,230,230,0
2025-12-26T10:50:15+0700,2026-01-11,230,230,0
2025-12-26T11:23:05+0700,2026-01-11,230,230,0
2025-12-26T11:49:56+0700,2026-01-11,230,230,0
2025-12-26T12:01:31+0700,2026-01-11,230,230,0
2025-12-26T12:29:13+0700,2026-01-11,230,230,0
2025-12-26T12:45:13+0700,2026-01-11,230,230,0
2025-12-26T12:53:30+0700,2026-01-11,230,230,0
2025-12-26T12:59:56+0700,2026-01-11,230,230,0
2025-12-26T13:36:04+0700,2026-01-11,230,230,0
2025-12-26T13:57:11+0700,2026-01-11,230,230,0
2025-12-26T14:18:04+0700,2026-01-11,230,230,0
2025-12-26T14:35:10+0700,2026-01-11,230,230,0
2025-12-26T14:45:33+0700,2026-01-11,230,230,0
2025-12-26T14:52:12+0700,2026-01-11,230,230,0
2025-12-26T14:58:17+0700,2026-01-11,230,230,0
2025-12-26T15:25:34+0700,2026-01-11,230,230,0
2025-12-26T15:47:33+0700,2026-01-11,230,230,0
2025-12-26T15:59:39+0700,2026-01-11,230,230,0
2025-12-26T16:24:33+0700,2026-01-11,230,230,0
2025-12-26T16:40:14+0700,2026-01-11,230,230,0
2025-12-26T16:50:05+0700,2026-01-11,230,230,0
2025-12-26T16:56:06+0700,2026-01-11,230,230,0
2025-12-26T17:14:26+0700,2026-01-11,230,230,0
2025-12-26T17:38:13+0700,2026-01-11,230,230,0
2025-12-26T17:50:39+0700,2026-01-11,230,230,0
2025-12-26T17:57:06+0700,2026-01-11,230,230,0
2025-12-26T18:14:24+0700,2026-01-11,230,230,0
2025-12-26T18:29:51+0700,2026-01-11,230,230,0
2025-12-26T18:40:41+0700,2026-01-11,230,230,0
2025-12-26T18:47:51+0700,2026-01-11,230,230,0
2025-12-26T18:54:28+0700,2026-01-11,230,230,0
2025-12-26T19:18:21+0700,2026-01-11,230,230,0
2025-12-26T20:03:23+0700,2026-01-11,230,230,0
2025-12-26T20:38:33+0700,2026-01-11,230,230,0
2025-12-26T20:52:13+0700,2026-01-11,230,230,0
2025-12-26T20:58:22+0700,2026-01-11,230,230,0
2025-12-26T21:18:26+0700,2026-01-11,230,230,0
2025-12-26T21:39:21+0700,2026-01-11,230,230,0
2025-12-26T21:50:46+0700,2026-01-11,230,230,0
2025-12-26T21:57:08+0700,2026-01-11,230,230,0
2025-12-26T22:16:25+0700,2026-01-11,230,230,0
2025-12-26T22:34:38+0700,2026-01-11,230,230,0
2025-12-26T22:46:09+0700,2026-01-11,230,230,0
2025-12-26T22:54:01+0700,2026-01-11,230,230,0
2025-12-26T23:00:05+0700,2026-01-11,230,230,0
2025-12-26T23:27:49+0700,2026-01-11,230,230,0
2025-12-26T23:46:09+0700,2026-01-11,230,230,0
2025-12-26T23:55:38+0700,2026-01-11,230,230,0
2025-12-27T00:11:13+0700,2026-01-11,230,230,0
2025-12-27T00:30:26+0700,2026-01-11,230,230,0
2025-12-27T00:42:28+0700,2026-01-11,230,230,0
2025-12-27T00:49:33+0700,2026-01-11,230,230,0
2025-12-27T00:56:12+0700,2026-01-11,230,230,0
2025-12-27T01:20:09+0700,2026-01-11,230,230,0
2025-12-27T01:46:48+0700,2026-01-11,230,230,0
2025-12-27T01:58:06+0700,2026-01-11,230,230,0
2025-12-27T02:13:58+0700,2026-01-11,230,230,0
2025-12-27T02:27:06+0700,2026-01-11,230,230,0
2025-12-27T02:35:59+0700,2026-01-11,230,230,0
2025-12-27T02:43:15+0700,2026-01-11,230,230,0
2025-12-27T02:49:26+0700,2026-01-11,230,230,0
2025-12-27T02:55:45+0700,2026-01-11,230,230,0
2025-12-27T03:13:03+0700,2026-01-11,230,230,0
2025-12-27T03:33:50+0700,2026-01-11,230,230,0
2025-12-27T03:45:39+0700,2026-01-11,230,230,0
2025-12-27T03:52:45+0700,2026-01-11,230,230,0
2025-12-27T03:59:31+0700,2026-01-11,230,230,0
2025-12-27T04:19:24+0700,2026-01-11,230,230,0
2025-12-27T04:32:07+0700,2026-01-11,230,230,0
2025-12-27T04:42:58+0700,2026-01-11,230,230,0
2025-12-27T04:49:47+0700,2026-01-11,230,230,0
2025-12-27T04:56:06+0700,2026-01-11,230,230,0
2025-12-27T05:12:59+0700,2026-01-11,230,230,0
2025-12-27T05:34:05+0700,2026-01-11,230,230,0
2025-12-27T05:46:16+0700,2026-01-11,230,230,0
2025-12-27T05:53:13+0700,2026-01-11,230,230,0
2025-12-27T05:59:32+0700,2026-01-11,230,230,0
2025-12-27T06:20:18+0700,2026-01-11,230,230,0
2025-12-27T06:34:44+0700,2026-01-11,230,230,0
2025-12-27T06:45:12+0700,2026-01-11,230,230,0
2025-12-27T06:51:51+0700,2026-01-11,230,230,0
2025-12-27T06:57:54+0700,2026-01-11,230,230,0
2025-12-27T08:21:04+0700,2026-01-11,230,230,0
2025-12-27T09:59:02+0700,2026-01-11,230,230,0
2025-12-27T10:55:04+0700,2026-01-11,230,230,0
2025-12-27T11:23:37+0700,2026-01-11,230,230,0
2025-12-27T11:48:21+0700,2026-01-11,230,230,0
2025-12-27T11:59:57+0700,2026-01-11,230,230,0
2025-12-27T12:23:39+0700,2026-01-11,230,230,0
2025-12-27T12:41:33+0700,2026-01-11,230,230,0
2025-12-27T12:51:42+0700,2026-01-11,230,230,0
2025-12-27T12:58:00+0700,2026-01-11,230,230,0
2025-12-27T13:27:12+0700,2026-01-11,230,230,0
2025-12-27T13:51:45+0700,2026-01-11,230,230,0
2025-12-27T14:00:42+0700,2026-01-11,230,230,0
2025-12-27T14:22:26+0700,2026-01-11,230,230,0
2025-12-27T14:34:30+0700,2026-01-11,230,230,0
2025-12-27T14:43:07+0700,2026-01-11,230,230,0
2025-12-27T14:49:29+0700,2026-01-11,230,230,0
2025-12-27T14:56:21+0700,2026-01-11,230,230,0
2025-12-27T15:17:49+0700,2026-01-11,230,230,0
2025-12-27T15:43:03+0700,2026-01-11,230,230,0
2025-12-27T15:55:23+0700,2026-01-11,230,230,0
2025-12-27T16:11:48+0700,2026-01-11,230,230,0
2025-12-27T16:32:04+0700,2026-01-11,230,230,0
2025-12-27T16:43:04+0700,2026-01-11,230,230,0
2025-12-27T16:50:07+0700,2026-01-11,230,230,0
2025-12-27T16:56:35+0700,2026-01-11,230,230,0
2025-12-27T17:14:01+0700,2026-01-11,230,230,0
2025-12-27T17:35:17+0700,2026-01-11,230,230,0
2025-12-27T17:47:02+0700,2026-01-11,230,230,0
2025-12-27T17:54:00+0700,2026-01-11,230,230,0
2025-12-27T18:00:10+0700,2026-01-11,230,230,0
2025-12-27T18:18:42+0700,2026-01-11,230,230,0
2025-12-27T18:30:04+0700,2026-01-11,230,230,0
2025-12-27T18:38:55+0700,2026-01-11,230,230,0
2025-12-27T18:45:02+0700,2026-01-11,230,230,0
2025-12-27T18:51:52+0700,2026-01-11,230,230,0
2025-12-27T18:58:22+0700,2026-01-11,230,230,0
2025-12-27T19:36:28+0700,2026-01-11,230,230,0
2025-12-27T20:08:33+0700,2026-01-11,230,230,0
2025-12-27T20:36:44+0700,2026-01-11,230,230,0
2025-12-27T20:47:39+0700,2026-01-11,230,230,0
2025-12-27T20:54:08+0700,2026-01-11,230,230,0
2025-12-27T21:01:14+0700,2026-01-11,230,230,0
2025-12-27T21:23:34+0700,2026-01-11,230,230,0
2025-12-27T21:38:17+0700,2026-01-11,230,230,0
2025-12-27T21:47:02+0700,2026-01-11,230,230,0
2025-12-27T21:53:44+0700,2026-01-11,230,230,0
2025-12-27T21:59:52+0700,2026-01-11,230,230,0
2025-12-27T22:20:50+0700,2026-01-11,230,230,0
2025-12-27T22:34:56+0700,2026-01-11,230,230,0
2025-12-27T22:44:29+0700,2026-01-11,230,230,0
2025-12-27T22:51:14+0700,2026-01-11,230,230,0
2025-12-27T22:57:51+0700,2026-01-11,230,230,0
2025-12-27T23:20:21+0700,2026-01-11,230,230,0
2025-12-27T23:42:36+0700,2026-01-11,230,230,0
2025-12-27T23:53:43+0700,2026-01-11,230,230,0
2025-12-28T00:00:26+0700,2026-01-11,230,230,0
2025-12-28T00:19:59+0700,2026-01-11,230,230,0
2025-12-28T00:34:14+0700,2026-01-11,230,230,0
2025-12-28T00:43:51+0700,2026-01-11,230,230,0
2025-12-28T00:50:40+0700,2026-01-11,230,230,0
2025-12-28T00:56:57+0700,2026-01-11,230,230,0
2025-12-28T01:20:58+0700,2026-01-11,230,230,0
2025-12-28T01:45:46+0700,2026-01-11,230,230,0
2025-12-28T01:56:42+0700,2026-01-11,230,230,0
2025-12-28T02:10:57+0700,2026-01-11,230,230,0
2025-12-28T02:25:13+0700,2026-01-11,230,230,0
2025-12-28T02:32:30+0700,2026-01-11,230,230,0
2025-12-28T02:40:49+0700,2026-01-11,230,230,0
2025-12-28T02:47:44+0700,2026-01-11,230,230,0
2025-12-28T02:53:50+0700,2026-01-11,230,230,0
2025-12-28T03:00:02+0700,2026-01-11,230,230,0
2025-12-28T03:25:19+0700,2026-01-11,230,230,0
2025-12-28T03:40:16+0700,2026-01-11,230,230,0
2025-12-28T03:49:59+0700,2026-01-11,230,230,0
2025-12-28T03:56:26+0700,2026-01-11,230,230,0
2025-12-28T04:12:23+0700,2026-01-11,230,230,0
2025-12-28T04:29:09+0700,2026-01-11,230,230,0
2025-12-28T04:38:51+0700,2026-01-11,230,230,0
2025-12-28T04:45:56+0700,2026-01-11,230,230,0
2025-12-28T04:52:15+0700,2026-01-11,230,230,0
2025-12-28T04:58:26+0700,2026-01-11,230,230,0
2025-12-28T05:17:37+0700,2026-01-11,230,230,0
2025-12-28T05:36:18+0700,2026-01-11,230,230,0
2025-12-28T05:47:25+0700,2026-01-11,230,230,0
2025-12-28T05:54:11+0700,2026-01-11,230,230,0
2025-12-28T06:00:59+0700,2026-01-11,230,230,0
2025-12-28T06:23:50+0700,2026-01-11,230,230,0
2025-12-28T06:35:57+0700,2026-01-11,230,230,0
2025-12-28T06:45:24+0700,2026-01-11,230,230,0
2025-12-28T06:52:12+0700,2026-01-11,230,230,0
2025-12-28T06:58:32+0700,2026-01-11,230,230,0
2025-12-28T08:47:03+0700,2026-01-11,230,230,0
2025-12-28T10:27:21+0700,2026-01-11,230,230,0
2025-12-28T11:29:54+0700,2026-01-11,230,230,0
2025-12-28T11:59:23+0700,2026-01-11,230,230,0
2025-12-28T12:25:03+0700,2026-01-11,230,230,0
2025-12-28T12:44:52+0700,2026-01-11,230,230,0
2025-12-28T12:54:37+0700,2026-01-11,230,230,0
2025-12-28T13:15:23+0700,2026-01-11,230,230,0
2025-12-28T13:47:28+0700,2026-01-11,230,230,0
2025-12-28T13:59:28+0700,2026-01-11,230,230,0
2025-12-28T14:20:42+0700,2026-01-11,230,230,0
2025-12-28T14:35:14+0700,2026-01-11,230,230,0
2025-12-28T14:44:11+0700,2026-01-11,230,230,0
2025-12-28T14:50:48+0700,2026-01-11,230,230,0
2025-12-28T14:57:14+0700,2026-01-11,230,230,0
2025-12-28T15:20:40+0700,2026-01-11,230,230,0
2025-12-28T15:43:46+0700,2026-01-11,230,230,0
2025-12-28T15:55:49+0700,2026-01-11,230,230,0
2025-12-28T16:12:52+0700,2026-01-11,230,230,0
2025-12-28T16:32:25+0700,2026-01-11,230,230,0
2025-12-28T16:44:32+0700,2026-01-11,230,230,0
2025-12-28T16:51:26+0700,2026-01-11,230,230,0
2025-12-28T16:58:02+0700,2026-01-11,230,230,0
2025-12-28T17:17:52+0700,2026-01-11,230,230,0
2025-12-28T17:39:18+0700,2026-01-11,230,230,0
2025-12-28T17:50:11+0700,2026-01-11,230,230,0
2025-12-28T17:56:49+0700,2026-01-11,230,230,0
2025-12-28T18:12:49+0700,2026-01-11,230,230,0
2025-12-28T18:27:56+0700,2026-01-11,230,230,0
2025-12-28T18:37:13+0700,2026-01-11,230,230,0
2025-12-28T18:44:26+0700,2026-01-11,230,230,0
2025-12-28T18:51:09+0700,2026-01-11,230,230,0
2025-12-28T18:57:37+0700,2026-01-11,230,230,0
2025-12-28T19:33:08+0700,2026-01-11,230,230,0
2025-12-28T20:08:41+0700,2026-01-11,230,230,0
2025-12-28T20:37:36+0700,2026-01-11,230,230,0
2025-12-28T20:49:43+0700,2026-01-11,230,230,0
2025-12-28T20:56:17+0700,2026-01-11,230,230,0
2025-12-28T21:12:58+0700,2026-01-11,230,230,0
2025-12-28T21:33:15+0700,2026-01-11,230,230,0
2025-12-28T21:45:46+0700,2026-01-11,230,230,0
2025-12-28T21:53:01+0700,2026-01-11,230,230,0
2025-12-28T21:59:15+0700,2026-01-11,230,230,0
2025-12-28T22:20:03+0700,2026-01-11,230,230,0
2025-12-28T22:34:33+0700,2026-01-11,230,230,0
2025-12-28T22:44:32+0700,2026-01-11,230,230,0
2025-12-28T22:51:22+0700,2026-01-11,230,230,0
2025-12-28T22:58:04+0700,2026-01-11,230,230,0
2025-12-28T23:21:18+0700,2026-01-11,230,230,0
2025-12-28T23:43:48+0700,2026-01-11,230,230,0
2025-12-28T23:55:03+0700,2026-01-11,230,230,0
2025-12-29T00:09:28+0700,2026-01-11,230,230,0
2025-12-29T00:30:10+0700,2026-01-11,230,230,0
2025-12-29T00:42:26+0700,2026-01-11,230,230,0
2025-12-29T00:49:44+0700,2026-01-11,230,230,0
2025-12-29T00:56:23+0700,2026-01-11,230,230,0
2025-12-29T01:19:53+0700,2026-01-11,230,230,0
2025-12-29T01:46:12+0700,2026-01-11,230,230,0
2025-12-29T01:57:32+0700,2026-01-11,230,230,0
2025-12-29T02:12:48+0700,2026-01-11,230,230,0
2025-12-29T02:27:01+0700,2026-01-11,230,230,0
2025-12-29T02:35:47+0700,2026-01-11,230,230,0
2025-12-29T02:43:00+0700,2026-01-11,230,230,0
2025-12-29T02:49:41+0700,2026-01-11,230,230,0
2025-12-29T02:56:01+0700,2026-01-11,230,230,0
2025-12-29T03:14:50+0700,2026-01-11,230,230,0
2025-12-29T03:35:23+0700,2026-01-11,230,230,0
2025-12-29T03:47:24+0700,2026-01-11,230,230,0
2025-12-29T03:55:15+0700,2026-01-11,230,230,0
2025-12-29T04:10:10+0700,2026-01-11,230,230,0
2025-12-29T04:29:05+0700,2026-01-11,230,230,0
2025-12-29T04:39:39+0700,2026-01-11,230,230,0
2025-12-29T04:46:52+0700,2026-01-11,230,230,0
2025-12-29T04:53:40+0700,2026-01-11,230,230,0
2025-12-29T04:59:55+0700,2026-01-11,230,230,0
2025-12-29T05:21:54+0700,2026-01-11,230,230,0
2025-12-29T05:39:31+0700,2026-01-11,230,230,0
2025-12-29T05:49:29+0700,2026-01-11,230,230,0
2025-12-29T05:56:05+0700,2026-01-11,230,230,0
2025-12-29T06:12:49+0700,2026-01-11,230,230,0
2025-12-29T06:30:48+0700,2026-01-11,230,230,0
2025-12-29T06:42:18+0700,2026-01-11,230,230,0
2025-12-29T06:50:17+0700,2026-01-11,230,230,0
2025-12-29T06:57:01+0700,2026-01-11,230,230,0
2025-12-29T08:20:06+0700,2026-01-11,230,230,0
2025-12-29T10:17:23+0700,2026-01-11,230,230,0
2025-12-29T11:18:52+0700,2026-01-11,230,230,0
2025-12-29T12:00:40+0700,2026-01-11,230,230,0
2025-12-29T12:32:51+0700,2026-01-11,230,230,0
2025-12-29T12:53:11+0700,2026-01-11,230,230,0
2025-12-29T13:00:42+0700,2026-01-11,230,230,0
2025-12-29T13:41:32+0700,2026-01-11,230,230,0
2025-12-29T14:02:14+0700,2026-01-11,230,230,0
2025-12-29T14:33:36+0700,2026-01-11,230,230,0
2025-12-29T14:47:29+0700,2026-01-11,230,230,0
2025-12-29T14:54:56+0700,2026-01-11,230,230,0
2025-12-29T15:17:32+0700,2026-01-11,230,230,0
2025-12-29T15:48:38+0700,2026-01-11,230,230,0
2025-12-29T16:02:46+0700,2026-01-11,230,230,0
2025-12-29T16:38:54+0700,2026-01-11,230,230,0
2025-12-29T16:55:04+0700,2026-01-11,230,230,0
2025-12-29T17:13:51+0700,2026-01-11,230,229,1
2025-12-29T17:42:40+0700,2026-01-11,230,230,0
2025-12-29T17:54:22+0700,2026-01-11,230,230,0
2025-12-29T18:09:41+0700,2026-01-11,230,230,0
2025-12-29T18:29:14+0700,2026-01-11,230,230,0
2025-12-29T18:41:09+0700,2026-01-11,230,230,0
2025-12-29T18:48:58+0700,2026-01-11,230,230,0
2025-12-29T18:56:01+0700,2026-01-11,230,230,0
2025-12-29T19:27:55+0700,2026-01-11,230,230,0
2025-12-29T20:11:56+0700,2026-01-11,230,230,0
2025-12-29T20:48:50+0700,2026-01-11,230,230,0
2025-12-29T20:59:17+0700,2026-01-11,230,230,0
2025-12-29T21:22:10+0700,2026-01-11,230,230,0
2025-12-29T21:42:50+0700,2026-01-11,230,230,0
2025-12-29T21:54:46+0700,2026-01-11,230,230,0
2025-12-29T22:11:17+0700,2026-01-11,230,230,0
2025-12-29T22:34:16+0700,2026-01-11,230,230,0
2025-12-29T22:47:26+0700,2026-01-11,230,230,0
2025-12-29T22:55:59+0700,2026-01-11,230,230,0
2025-12-29T23:15:57+0700,2026-01-11,230,230,0
2025-12-29T23:43:31+0700,2026-01-11,230,230,0
2025-12-29T23:56:17+0700,2026-01-11,230,230,0
2025-12-30T00:13:07+0700,2026-01-11,230,230,0
2025-12-30T00:33:11+0700,2026-01-11,230,230,0
2025-12-30T00:45:43+0700,2026-01-11,230,230,0
2025-12-30T00:52:32+0700,2026-01-11,230,230,0
2025-12-30T00:59:06+0700,2026-01-11,230,230,0
2025-12-30T01:31:05+0700,2026-01-11,230,230,0
2025-12-30T01:53:18+0700,2026-01-11,230,230,0
2025-12-30T02:00:39+0700,2026-01-11,230,230,0
2025-12-30T02:19:14+0700,2026-01-11,230,230,0
2025-12-30T02:30:03+0700,2026-01-11,230,230,0
2025-12-30T02:39:05+0700,2026-01-11,230,230,0
2025-12-30T02:45:21+0700,2026-01-11,230,230,0
2025-12-30T02:52:07+0700,2026-01-11,230,230,0
2025-12-30T02:58:48+0700,2026-01-11,230,230,0
2025-12-30T03:23:21+0700,2026-01-11,230,230,0
2025-12-30T03:41:39+0700,2026-01-11,230,230,0
2025-12-30T03:52:34+0700,2026-01-11,230,230,0
2025-12-30T03:58:48+0700,2026-01-11,230,230,0
2025-12-30T04:18:11+0700,2026-01-11,230,230,0
2025-12-30T04:32:42+0700,2026-01-11,230,230,0
2025-12-30T04:43:55+0700,2026-01-11,230,230,0
2025-12-30T04:50:46+0700,2026-01-11,230,230,0
2025-12-30T04:57:26+0700,2026-01-11,230,230,0
2025-12-30T05:16:18+0700,2026-01-11,230,230,0
2025-12-30T05:36:06+0700,2026-01-11,230,230,0
2025-12-30T05:47:22+0700,2026-01-11,230,230,0
2025-12-30T05:54:07+0700,2026-01-11,230,230,0
2025-12-30T06:00:25+0700,2026-01-11,230,230,0
2025-12-30T06:22:58+0700,2026-01-11,230,230,0
2025-12-30T06:36:50+0700,2026-01-11,230,230,0
2025-12-30T06:46:19+0700,2026-01-11,230,230,0
2025-12-30T06:52:50+0700,2026-01-11,230,230,0
2025-12-30T06:58:52+0700,2026-01-11,230,230,0
2025-12-30T08:41:58+0700,2026-01-11,230,230,0
2025-12-30T10:17:24+0700,2026-01-11,230,230,0
2025-12-30T11:09:33+0700,2026-01-11,230,230,0
2025-12-30T11:49:08+0700,2026-01-11,230,230,0
2025-12-30T12:12:45+0700,2026-01-11,230,230,0
2025-12-30T12:38:54+0700,2026-01-11,230,230,0
2025-12-30T12:51:04+0700,2026-01-11,230,230,0
2025-12-30T12:57:47+0700,2026-01-11,230,230,0
2025-12-30T13:28:16+0700,2026-01-11,230,230,0
2025-12-30T13:54:45+0700,2026-01-11,230,230,0
